month,pickup_zone_id,pickup_zone,borough,airport_zone,trips,duration_p50_min,duration_p90_min,slow_trip_share,trip_time_reliability,rankable
2023-01,1,Newark Airport,EWR,True,84,0.39,29.31,0.11904761904761904,0.9761904761904762,False
2023-01,2,Jamaica Bay,Queens,False,2,16.35,16.35,0.0,1.0,False
2023-01,3,Allerton/Pelham Gardens,Bronx,False,28,25.52,55.41,0.21428571428571427,0.4642857142857143,False
2023-01,4,Alphabet City,Manhattan,False,3550,12.52,23.85,0.04647887323943662,0.7236619718309859,True
2023-01,5,Arden Heights,Staten Island,False,53,57.82,87.76,0.0,0.33962264150943394,False
2023-01,6,Arrochar/Fort Wadsworth,Staten Island,False,44,0.32,0.67,0.0,1.0,False
2023-01,7,Astoria,Queens,False,1277,12.35,29.14,0.052466718872357085,0.8081440877055599,True
2023-01,8,Astoria Park,Queens,False,10,12.7,19.7,0.0,1.0,False
2023-01,9,Auburndale,Queens,False,31,26.9,39.45,0.12903225806451613,0.5161290322580645,False
2023-01,10,Baisley Park,Queens,False,1267,32.27,49.95,0.014206787687450671,0.8831886345698501,True
2023-01,11,Bath Beach,Brooklyn,False,35,32.58,48.78,0.02857142857142857,0.7142857142857143,False
2023-01,12,Battery Park,Manhattan,False,775,17.62,30.37,0.04645161290322581,0.8206451612903226,False
2023-01,13,Battery Park City,Manhattan,False,15576,15.15,27.86,0.03370570107858244,0.8721751412429378,True
2023-01,14,Bay Ridge,Brooklyn,False,165,35.87,61.71,0.01818181818181818,0.6363636363636364,False
2023-01,15,Bay Terrace/Fort Totten,Queens,False,25,22.37,37.78,0.04,0.96,False
2023-01,16,Bayside,Queens,False,30,24.04,44.11,0.03333333333333333,0.6666666666666666,False
2023-01,17,Bedford,Brooklyn,False,279,23.08,46.1,0.17562724014336917,0.4982078853046595,False
2023-01,18,Bedford Park,Bronx,False,71,28.1,62.27,0.1267605633802817,0.6901408450704225,False
2023-01,19,Bellerose,Queens,False,58,18.42,44.41,0.034482758620689655,0.8103448275862069,False
2023-01,20,Belmont,Bronx,False,37,20.92,47.86,0.24324324324324326,0.5675675675675675,False
2023-01,21,Bensonhurst East,Brooklyn,False,68,31.66,56.1,0.20588235294117646,0.4117647058823529,False
2023-01,22,Bensonhurst West,Brooklyn,False,47,30.25,60.97,0.1276595744680851,0.6595744680851063,False
2023-01,23,Bloomfield/Emerson Hill,Staten Island,False,79,46.25,66.64,0.012658227848101266,0.6075949367088608,False
2023-01,24,Bloomingdale,Manhattan,False,8398,11.18,24.51,0.022148130507263636,0.8775899023577042,True
2023-01,25,Boerum Hill,Brooklyn,False,972,16.94,39.25,0.09670781893004116,0.684156378600823,False
2023-01,26,Borough Park,Brooklyn,False,89,34.08,62.61,0.23595505617977527,0.5280898876404494,False
2023-01,28,Briarwood/Jamaica Hills,Queens,False,498,22.13,39.22,0.030120481927710843,0.9036144578313253,False
2023-01,29,Brighton Beach,Brooklyn,False,54,56.07,94.55,0.1111111111111111,0.35185185185185186,False
2023-01,30,Broad Channel,Queens,False,2,9.28,9.68,0.0,1.0,False
2023-01,31,Bronx Park,Bronx,False,8,37.66,58.86,0.125,0.375,False
2023-01,32,Bronxdale,Bronx,False,67,23.55,64.05,0.3283582089552239,0.4626865671641791,False
2023-01,33,Brooklyn Heights,Brooklyn,False,1198,18.54,34.64,0.04006677796327212,0.7804674457429048,True
2023-01,34,Brooklyn Navy Yard,Brooklyn,False,31,20.4,37.15,0.0,0.6774193548387096,False
2023-01,35,Brownsville,Brooklyn,False,160,30.32,55.68,0.26875,0.2875,False
2023-01,36,Bushwick North,Brooklyn,False,188,21.28,38.0,0.02127659574468085,0.574468085106383,False
2023-01,37,Bushwick South,Brooklyn,False,266,22.13,41.36,0.07894736842105263,0.5413533834586466,False
2023-01,38,Cambria Heights,Queens,False,89,26.5,64.6,0.11235955056179775,0.6629213483146067,False
2023-01,39,Canarsie,Brooklyn,False,360,34.43,72.54,0.08055555555555556,0.5472222222222223,False
2023-01,40,Carroll Gardens,Brooklyn,False,363,13.28,32.69,0.08539944903581267,0.7382920110192838,False
2023-01,41,Central Harlem,Manhattan,False,6737,9.78,24.2,0.03799910939587353,0.8690811934095295,True
2023-01,42,Central Harlem North,Manhattan,False,2471,10.12,28.38,0.06677458518818292,0.8191015783083772,True
2023-01,43,Central Park,Manhattan,False,49299,10.65,23.12,0.07332805939268545,0.8235866853283028,True
2023-01,44,Charleston/Tottenville,Staten Island,False,34,39.13,52.57,0.0,0.8823529411764706,False
2023-01,45,Chinatown,Manhattan,False,3800,14.96,29.95,0.0668421052631579,0.7328947368421053,True
2023-01,46,City Island,Bronx,False,3,34.18,45.9,0.0,1.0,False
2023-01,47,Claremont/Bathgate,Bronx,False,66,20.74,51.23,0.16666666666666666,0.5303030303030303,False
2023-01,48,Clinton East,Manhattan,False,82525,10.23,23.12,0.09763102090275674,0.7970433202059982,True
2023-01,49,Clinton Hill,Brooklyn,False,298,18.85,44.93,0.1644295302013423,0.5604026845637584,False
2023-01,50,Clinton West,Manhattan,False,18109,10.45,22.7,0.0679772488817715,0.8292561709647137,True
2023-01,51,Co-Op City,Bronx,False,203,37.25,60.08,0.1477832512315271,0.4630541871921182,False
2023-01,52,Cobble Hill,Brooklyn,False,575,17.7,33.65,0.1373913043478261,0.697391304347826,False
2023-01,53,College Point,Queens,False,40,31.51,54.27,0.05,0.725,False
2023-01,54,Columbia Street,Brooklyn,False,31,20.38,34.05,0.0,0.8064516129032258,False
2023-01,55,Coney Island,Brooklyn,False,125,46.88,70.57,0.04,0.416,False
2023-01,56,Corona,Queens,False,274,20.78,39.03,0.09124087591240876,0.7518248175182481,False
2023-01,57,Corona,Queens,False,4,8.57,33.17,0.0,0.75,False
2023-01,58,Country Club,Bronx,False,2,12.88,14.38,0.0,1.0,False
2023-01,60,Crotona Park East,Bronx,False,38,26.58,56.33,0.18421052631578946,0.5,False
2023-01,61,Crown Heights North,Brooklyn,False,429,25.6,47.19,0.2261072261072261,0.40326340326340326,False
2023-01,62,Crown Heights South,Brooklyn,False,107,23.87,49.5,0.18691588785046728,0.4485981308411215,False
2023-01,63,Cypress Hills,Brooklyn,False,155,20.83,40.36,0.01935483870967742,0.6774193548387096,False
2023-01,64,Douglaston,Queens,False,15,21.03,51.09,0.06666666666666667,0.7333333333333333,False
2023-01,65,Downtown Brooklyn/MetroTech,Brooklyn,False,1477,15.52,31.84,0.040622884224779957,0.8348002708192281,True
2023-01,66,DUMBO/Vinegar Hill,Brooklyn,False,534,18.37,30.98,0.0299625468164794,0.8277153558052435,False
2023-01,67,Dyker Heights,Brooklyn,False,43,24.95,48.17,0.13953488372093023,0.6976744186046512,False
2023-01,68,East Chelsea,Manhattan,False,74254,12.55,25.27,0.12913782422495756,0.7222237185875509,True
2023-01,69,East Concourse/Concourse Village,Bronx,False,131,23.97,50.07,0.17557251908396945,0.5114503816793893,False
2023-01,70,East Elmhurst,Queens,False,12869,23.68,39.8,0.01484186805501593,0.8959515113839459,True
2023-01,71,East Flatbush/Farragut,Brooklyn,False,104,31.85,55.78,0.3557692307692308,0.2980769230769231,False
2023-01,72,East Flatbush/Remsen Village,Brooklyn,False,147,29.08,61.73,0.2789115646258503,0.272108843537415,False
2023-01,73,East Flushing,Queens,False,14,26.73,63.6,0.21428571428571427,0.42857142857142855,False
2023-01,74,East Harlem North,Manhattan,False,6012,9.77,22.95,0.05389221556886228,0.8670991350632069,True
2023-01,75,East Harlem South,Manhattan,False,18698,9.65,23.42,0.05626270189325062,0.8664563054872179,True
2023-01,76,East New York,Brooklyn,False,419,24.18,52.71,0.13842482100238662,0.522673031026253,False
2023-01,77,East New York/Pennsylvania Avenue,Brooklyn,False,59,35.83,55.5,0.1864406779661017,0.3898305084745763,False
2023-01,78,East Tremont,Bronx,False,100,26.39,52.04,0.16,0.58,False
2023-01,79,East Village,Manhattan,False,77071,11.1,22.8,0.05484553204188346,0.7737281208236562,True
2023-01,80,East Williamsburg,Brooklyn,False,465,17.08,33.92,0.04086021505376344,0.7053763440860215,False
2023-01,81,Eastchester,Bronx,False,66,36.48,63.25,0.18181818181818182,0.2727272727272727,False
2023-01,82,Elmhurst,Queens,False,385,16.47,34.72,0.09090909090909091,0.7688311688311689,False
2023-01,83,Elmhurst/Maspeth,Queens,False,109,12.9,37.99,0.09174311926605505,0.7064220183486238,False
2023-01,85,Erasmus,Brooklyn,False,61,25.83,55.4,0.21311475409836064,0.39344262295081966,False
2023-01,86,Far Rockaway,Queens,False,101,56.63,78.9,0.12871287128712872,0.24752475247524752,False
2023-01,87,Financial District North,Manhattan,False,13672,15.27,28.46,0.039935634874195436,0.845743124634289,True
2023-01,88,Financial District South,Manhattan,False,6681,16.35,29.45,0.0327795240233498,0.859152821433917,True
2023-01,89,Flatbush/Ditmas Park,Brooklyn,False,234,27.6,57.14,0.23504273504273504,0.4188034188034188,False
2023-01,90,Flatiron,Manhattan,False,48276,10.23,23.33,0.09238545032728478,0.777467064379816,True
2023-01,91,Flatlands,Brooklyn,False,167,32.68,62.28,0.16766467065868262,0.25149700598802394,False
2023-01,92,Flushing,Queens,False,114,27.51,42.4,0.06140350877192982,0.6929824561403509,False
2023-01,93,Flushing Meadows-Corona Park,Queens,False,1591,20.33,33.08,0.003771213073538655,0.961659333752357,True
2023-01,94,Fordham South,Bronx,False,46,20.03,70.73,0.15217391304347827,0.4782608695652174,False
2023-01,95,Forest Hills,Queens,False,388,15.33,37.07,0.12628865979381443,0.7036082474226805,False
2023-01,96,Forest Park/Highland Park,Queens,False,19,10.4,22.81,0.05263157894736842,0.9473684210526315,False
2023-01,97,Fort Greene,Brooklyn,False,866,16.16,34.94,0.10623556581986143,0.710161662817552,False
2023-01,98,Fresh Meadows,Queens,False,25,34.75,55.01,0.16,0.56,False
2023-01,99,Freshkills Park,Staten Island,False,2,0.03,0.03,0.0,1.0,False
2023-01,100,Garment District,Manhattan,False,48686,11.5,24.95,0.18617261635788523,0.7037341330156514,True
2023-01,101,Glen Oaks,Queens,False,40,26.23,62.03,0.125,0.65,False
2023-01,102,Glendale,Queens,False,40,14.94,41.06,0.25,0.625,False
2023-01,106,Gowanus,Brooklyn,False,85,23.8,38.66,0.07058823529411765,0.5882352941176471,False
2023-01,107,Gramercy,Manhattan,False,67424,10.43,21.57,0.07795443758898908,0.8017768153773137,True
2023-01,108,Gravesend,Brooklyn,False,62,46.63,84.45,0.14516129032258066,0.41935483870967744,False
2023-01,109,Great Kills,Staten Island,False,1,60.3,60.3,0.0,0.0,False
2023-01,111,Green-Wood Cemetery,Brooklyn,False,2,21.45,23.81,0.0,1.0,False
2023-01,112,Greenpoint,Brooklyn,False,491,16.48,27.63,0.024439918533604887,0.7474541751527495,False
2023-01,113,Greenwich Village North,Manhattan,False,39813,10.93,24.38,0.08605229447667848,0.7484992339185693,True
2023-01,114,Greenwich Village South,Manhattan,False,39202,11.12,23.82,0.05657874598234784,0.7504719146982297,True
2023-01,116,Hamilton Heights,Manhattan,False,2121,13.42,28.5,0.039132484677039135,0.8500707213578501,True
2023-01,117,Hammels/Arverne,Queens,False,73,56.37,81.82,0.0410958904109589,0.3561643835616438,False
2023-01,118,Heartland Village/Todt Hill,Staten Island,False,10,32.15,67.34,0.2,0.6,False
2023-01,119,Highbridge,Bronx,False,83,18.15,38.9,0.08433734939759036,0.6867469879518072,False
2023-01,120,Highbridge Park,Manhattan,False,12,6.86,26.03,0.08333333333333333,1.0,False
2023-01,121,Hillcrest/Pomonok,Queens,False,84,24.98,42.87,0.15476190476190477,0.5714285714285714,False
2023-01,122,Hollis,Queens,False,36,21.95,58.68,0.16666666666666666,0.6111111111111112,False
2023-01,123,Homecrest,Brooklyn,False,48,26.89,57.38,0.10416666666666667,0.5625,False
2023-01,124,Howard Beach,Queens,False,176,23.68,44.94,0.022727272727272728,0.8125,False
2023-01,125,Hudson Sq,Manhattan,False,13809,11.13,25.48,0.04844666521833587,0.8007820986313274,True
2023-01,126,Hunts Point,Bronx,False,44,21.71,56.81,0.13636363636363635,0.5454545454545454,False
2023-01,127,Inwood,Manhattan,False,138,17.09,41.16,0.043478260869565216,0.782608695652174,False
2023-01,128,Inwood Hill Park,Manhattan,False,13,17.45,50.09,0.0,1.0,False
2023-01,129,Jackson Heights,Queens,False,471,11.25,32.4,0.11040339702760085,0.8046709129511678,False
2023-01,130,Jamaica,Queens,False,804,24.82,41.53,0.03855721393034826,0.8731343283582089,False
2023-01,131,Jamaica Estates,Queens,False,100,21.74,68.88,0.17,0.58,False
2023-01,132,JFK Airport,Queens,True,156594,35.4,56.9,0.006890430029247608,0.8003499495510684,True
2023-01,133,Kensington,Brooklyn,False,57,23.17,46.28,0.12280701754385964,0.6666666666666666,False
2023-01,134,Kew Gardens,Queens,False,267,15.5,43.59,0.06367041198501873,0.8614232209737828,False
2023-01,135,Kew Gardens Hills,Queens,False,118,13.28,39.59,0.1016949152542373,0.7372881355932204,False
2023-01,136,Kingsbridge Heights,Bronx,False,83,29.03,74.53,0.12048192771084337,0.5421686746987951,False
2023-01,137,Kips Bay,Manhattan,False,36582,10.12,21.33,0.08285495598928434,0.8295336504291728,True
2023-01,138,LaGuardia Airport,Queens,False,88618,24.05,39.6,0.003091922634227809,0.9004829718567334,True
2023-01,139,Laurelton,Queens,False,70,37.36,71.88,0.07142857142857142,0.5428571428571428,False
2023-01,140,Lenox Hill East,Manhattan,False,66380,10.77,22.43,0.09002711660138596,0.8266194636938837,True
2023-01,141,Lenox Hill West,Manhattan,False,80271,9.08,20.1,0.09398163720397154,0.8494350388060445,True
2023-01,142,Lincoln Square East,Manhattan,False,99294,9.85,20.48,0.04628678469998187,0.8654097931395653,True
2023-01,143,Lincoln Square West,Manhattan,False,34369,9.85,20.6,0.03738834414734208,0.8853036166312666,True
2023-01,144,Little Italy/NoLiTa,Manhattan,False,23592,12.48,25.53,0.060062733129874535,0.7556798914886402,True
2023-01,145,Long Island City/Hunters Point,Queens,False,1003,13.37,31.03,0.03489531405782652,0.843469591226321,True
2023-01,146,Long Island City/Queens Plaza,Queens,False,1262,11.87,25.74,0.043581616481774964,0.8399366085578447,True
2023-01,147,Longwood,Bronx,False,43,22.13,45.59,0.20930232558139536,0.6046511627906976,False
2023-01,148,Lower East Side,Manhattan,False,30540,12.3,24.27,0.0408316961362148,0.7554354944335298,True
2023-01,149,Madison,Brooklyn,False,46,38.42,64.63,0.08695652173913043,0.5217391304347826,False
2023-01,150,Manhattan Beach,Brooklyn,False,19,22.43,61.93,0.05263157894736842,0.631578947368421,False
2023-01,151,Manhattan Valley,Manhattan,False,25563,10.27,23.43,0.026327113406094747,0.882251691898447,True
2023-01,152,Manhattanville,Manhattan,False,1906,11.53,25.33,0.026232948583420776,0.8971668415529905,True
2023-01,153,Marble Hill,Manhattan,False,18,25.19,45.68,0.05555555555555555,0.7222222222222222,False
2023-01,154,Marine Park/Floyd Bennett Field,Brooklyn,False,29,14.55,38.49,0.0,0.896551724137931,False
2023-01,155,Marine Park/Mill Basin,Brooklyn,False,93,25.68,66.79,0.11827956989247312,0.6559139784946236,False
2023-01,156,Mariners Harbor,Staten Island,False,4,222.69,420.27,0.5,0.5,False
2023-01,157,Maspeth,Queens,False,218,17.46,32.55,0.08256880733944955,0.8715596330275229,False
2023-01,158,Meatpacking/West Village West,Manhattan,False,23947,12.65,25.6,0.06213721969348979,0.7533302710151585,True
2023-01,159,Melrose South,Bronx,False,124,17.16,48.22,0.22580645161290322,0.5403225806451613,False
2023-01,160,Middle Village,Queens,False,57,17.82,41.29,0.15789473684210525,0.7894736842105263,False
2023-01,161,Midtown Center,Manhattan,False,134306,11.45,23.17,0.15758045061277978,0.7506366059595253,True
2023-01,162,Midtown East,Manhattan,False,104466,11.05,22.15,0.14115597419256026,0.7758026534949171,True
2023-01,163,Midtown North,Manhattan,False,84395,10.67,23.16,0.11184311866816754,0.7921559334083773,True
2023-01,164,Midtown South,Manhattan,False,66375,11.03,22.92,0.12429378531073447,0.7689943502824859,True
2023-01,165,Midwood,Brooklyn,False,104,35.77,66.48,0.2692307692307692,0.25,False
2023-01,166,Morningside Heights,Manhattan,False,13249,11.7,25.53,0.02075628349309382,0.858630840063401,True
2023-01,167,Morrisania/Melrose,Bronx,False,94,21.83,50.04,0.2978723404255319,0.46808510638297873,False
2023-01,168,Mott Haven/Port Morris,Bronx,False,236,15.79,43.37,0.0847457627118644,0.6991525423728814,False
2023-01,169,Mount Hope,Bronx,False,65,24.08,47.77,0.07692307692307693,0.6,False
2023-01,170,Murray Hill,Manhattan,False,87417,10.88,22.05,0.13245707356692635,0.7824793804408754,True
2023-01,171,Murray Hill-Queens,Queens,False,31,29.83,41.2,0.16129032258064516,0.5161290322580645,False
2023-01,172,New Dorp/Midland Beach,Staten Island,False,4,47.08,76.35,0.25,0.5,False
2023-01,173,North Corona,Queens,False,36,15.6,25.28,0.1111111111111111,0.8611111111111112,False
2023-01,174,Norwood,Bronx,False,79,20.93,47.25,0.1518987341772152,0.5949367088607594,False
2023-01,175,Oakland Gardens,Queens,False,34,20.88,38.51,0.058823529411764705,0.7647058823529411,False
2023-01,177,Ocean Hill,Brooklyn,False,175,25.4,49.44,0.17142857142857143,0.5142857142857142,False
2023-01,178,Ocean Parkway South,Brooklyn,False,15,25.92,54.8,0.26666666666666666,0.6,False
2023-01,179,Old Astoria,Queens,False,490,11.88,28.36,0.09183673469387756,0.7795918367346939,False
2023-01,180,Ozone Park,Queens,False,55,25.43,48.26,0.05454545454545454,0.6181818181818182,False
2023-01,181,Park Slope,Brooklyn,False,711,18.18,41.2,0.07735583684950774,0.6610407876230661,False
2023-01,182,Parkchester,Bronx,False,81,28.17,51.83,0.1728395061728395,0.5185185185185185,False
2023-01,183,Pelham Bay,Bronx,False,20,22.03,52.26,0.15,0.4,False
2023-01,184,Pelham Bay Park,Bronx,False,2,12.69,21.75,0.0,1.0,False
2023-01,185,Pelham Parkway,Bronx,False,61,28.55,59.58,0.21311475409836064,0.4426229508196721,False
2023-01,186,Penn Station/Madison Sq West,Manhattan,False,108381,12.77,25.38,0.19348409776621364,0.6591468984416088,True
2023-01,188,Prospect-Lefferts Gardens,Brooklyn,False,268,25.01,51.14,0.2126865671641791,0.417910447761194,False
2023-01,189,Prospect Heights,Brooklyn,False,230,17.28,43.78,0.05652173913043478,0.6956521739130435,False
2023-01,190,Prospect Park,Brooklyn,False,30,14.24,38.08,0.1,0.5333333333333333,False
2023-01,191,Queens Village,Queens,False,148,28.57,52.39,0.0472972972972973,0.7837837837837838,False
2023-01,192,Queensboro Hill,Queens,False,27,15.43,29.0,0.1111111111111111,0.7037037037037037,False
2023-01,193,Queensbridge/Ravenswood,Queens,False,450,12.04,34.65,0.08888888888888889,0.7777777777777778,False
2023-01,194,Randalls Island,Manhattan,False,80,14.15,29.93,0.0,0.9375,False
2023-01,195,Red Hook,Brooklyn,False,103,24.58,49.93,0.05825242718446602,0.7087378640776699,False
2023-01,196,Rego Park,Queens,False,174,17.98,35.54,0.05747126436781609,0.8045977011494253,False
2023-01,197,Richmond Hill,Queens,False,262,33.1,60.36,0.04580152671755725,0.7213740458015268,False
2023-01,198,Ridgewood,Queens,False,85,24.82,39.87,0.03529411764705882,0.5647058823529412,False
2023-01,199,Rikers Island,Bronx,False,2,7.05,7.36,0.0,1.0,False
2023-01,200,Riverdale/North Riverdale/Fieldston,Bronx,False,60,38.8,60.28,0.05,0.5166666666666667,False
2023-01,201,Rockaway Park,Queens,False,34,47.06,63.22,0.0,0.5,False
2023-01,202,Roosevelt Island,Manhattan,False,83,18.55,41.98,0.08433734939759036,0.7228915662650602,False
2023-01,203,Rosedale,Queens,False,114,22.51,62.93,0.03508771929824561,0.6929824561403509,False
2023-01,204,Rossville/Woodrow,Staten Island,False,3,0.08,49.98,0.0,1.0,False
2023-01,205,Saint Albans,Queens,False,183,31.78,59.78,0.14207650273224043,0.5191256830601093,False
2023-01,206,Saint George/New Brighton,Staten Island,False,9,61.97,96.69,0.0,0.4444444444444444,False
2023-01,207,Saint Michaels Cemetery/Woodside,Queens,False,41,18.03,40.98,0.14634146341463414,0.8780487804878049,False
2023-01,208,Schuylerville/Edgewater Park,Bronx,False,60,26.78,52.97,0.18333333333333332,0.48333333333333334,False
2023-01,209,Seaport,Manhattan,False,4331,14.32,27.28,0.049642114984991915,0.8388362964673286,True
2023-01,210,Sheepshead Bay,Brooklyn,False,98,31.8,66.95,0.07142857142857142,0.6224489795918368,False
2023-01,211,SoHo,Manhattan,False,20403,11.9,25.53,0.06626476498554135,0.7687104837523894,True
2023-01,212,Soundview/Bruckner,Bronx,False,36,23.28,48.02,0.16666666666666666,0.5833333333333334,False
2023-01,213,Soundview/Castle Hill,Bronx,False,170,26.16,51.96,0.11176470588235295,0.6294117647058823,False
2023-01,214,South Beach/Dongan Hills,Staten Island,False,15,39.67,52.11,0.0,0.6666666666666666,False
2023-01,215,South Jamaica,Queens,False,713,28.95,45.33,0.03506311360448808,0.8892005610098177,False
2023-01,216,South Ozone Park,Queens,False,510,21.92,45.45,0.03725490196078431,0.7862745098039216,False
2023-01,217,South Williamsburg,Brooklyn,False,112,13.73,38.99,0.09821428571428571,0.7142857142857143,False
2023-01,218,Springfield Gardens North,Queens,False,159,29.53,62.91,0.14465408805031446,0.44654088050314467,False
2023-01,219,Springfield Gardens South,Queens,False,295,30.42,58.45,0.030508474576271188,0.7423728813559322,False
2023-01,220,Spuyten Duyvil/Kingsbridge,Bronx,False,108,20.38,47.43,0.046296296296296294,0.7777777777777778,False
2023-01,221,Stapleton,Staten Island,False,5,0.68,19.66,0.0,1.0,False
2023-01,222,Starrett City,Brooklyn,False,139,30.52,53.44,0.09352517985611511,0.4892086330935252,False
2023-01,223,Steinway,Queens,False,538,13.95,36.93,0.06319702602230483,0.8513011152416357,False
2023-01,224,Stuy Town/Peter Cooper Village,Manhattan,False,4185,11.5,22.78,0.05925925925925926,0.8040621266427718,True
2023-01,225,Stuyvesant Heights,Brooklyn,False,208,24.71,52.75,0.22596153846153846,0.4326923076923077,False
2023-01,226,Sunnyside,Queens,False,1913,16.07,34.04,0.03659174072138003,0.7872451646628332,True
2023-01,227,Sunset Park East,Brooklyn,False,43,32.08,60.35,0.16279069767441862,0.3023255813953488,False
2023-01,228,Sunset Park West,Brooklyn,False,129,21.17,42.25,0.08527131782945736,0.6666666666666666,False
2023-01,229,Sutton Place/Turtle Bay North,Manhattan,False,61787,9.9,20.4,0.1158819816466247,0.8103322705423471,True
2023-01,230,Times Sq/Theatre District,Manhattan,False,97976,11.55,26.77,0.12900097983179554,0.7500306197436106,True
2023-01,231,TriBeCa/Civic Center,Manhattan,False,38582,12.82,26.42,0.05118967394121611,0.8130734539422528,True
2023-01,232,Two Bridges/Seward Park,Manhattan,False,3059,13.83,26.11,0.05132396207911082,0.7643020594965675,True
2023-01,233,UN/Turtle Bay South,Manhattan,False,37427,11.0,22.18,0.1340476126860288,0.7924225826275149,True
2023-01,234,Union Sq,Manhattan,False,80523,10.82,22.55,0.09551308321845932,0.7696434559070079,True
2023-01,235,University Heights/Morris Heights,Bronx,False,153,34.05,64.88,0.13725490196078433,0.5751633986928104,False
2023-01,236,Upper East Side North,Manhattan,False,137343,9.57,21.57,0.09544716512672652,0.8272136184588949,True
2023-01,237,Upper East Side South,Manhattan,False,147086,8.93,19.95,0.11839332091429504,0.8223216349618591,True
2023-01,238,Upper West Side North,Manhattan,False,62615,9.88,22.07,0.029258164976443343,0.8901860576539168,True
2023-01,239,Upper West Side South,Manhattan,False,86387,9.6,21.25,0.030363364858138377,0.8890921087663654,True
2023-01,240,Van Cortlandt Park,Bronx,False,7,11.7,62.82,0.14285714285714285,0.7142857142857143,False
2023-01,241,Van Cortlandt Village,Bronx,False,65,23.62,59.08,0.13846153846153847,0.5076923076923077,False
2023-01,242,Van Nest/Morris Park,Bronx,False,136,29.22,54.33,0.23529411764705882,0.41911764705882354,False
2023-01,243,Washington Heights North,Manhattan,False,307,16.65,38.97,0.0781758957654723,0.7947882736156352,False
2023-01,244,Washington Heights South,Manhattan,False,1702,14.97,33.05,0.043478260869565216,0.8437132784958872,True
2023-01,245,West Brighton,Staten Island,False,2,2.45,4.28,0.0,1.0,False
2023-01,246,West Chelsea/Hudson Yards,Manhattan,False,45706,12.18,23.43,0.10919791712247845,0.7678860543473505,True
2023-01,247,West Concourse,Bronx,False,196,20.78,46.35,0.1326530612244898,0.6632653061224489,False
2023-01,248,West Farms/Bronx River,Bronx,False,32,30.17,55.79,0.15625,0.5,False
2023-01,249,West Village,Manhattan,False,66772,11.15,23.77,0.07279997603786018,0.7382885041634218,True
2023-01,250,Westchester Village/Unionport,Bronx,False,58,23.46,45.39,0.13793103448275862,0.5689655172413793,False
2023-01,251,Westerleigh,Staten Island,False,2,16.3,25.74,0.0,1.0,False
2023-01,252,Whitestone,Queens,False,18,21.97,43.77,0.1111111111111111,0.8888888888888888,False
2023-01,253,Willets Point,Queens,False,8,15.95,31.74,0.0,1.0,False
2023-01,254,Williamsbridge/Olinville,Bronx,False,123,33.75,63.77,0.13821138211382114,0.45528455284552843,False
2023-01,255,Williamsburg (North Side),Brooklyn,False,1225,18.4,32.15,0.0326530612244898,0.6391836734693878,True
2023-01,256,Williamsburg (South Side),Brooklyn,False,919,15.87,30.59,0.035908596300326445,0.6942328618063112,False
2023-01,257,Windsor Terrace,Brooklyn,False,49,24.7,47.44,0.08163265306122448,0.673469387755102,False
2023-01,258,Woodhaven,Queens,False,59,21.38,45.66,0.13559322033898305,0.6271186440677966,False
2023-01,259,Woodlawn/Wakefield,Bronx,False,61,33.65,67.13,0.06557377049180328,0.6065573770491803,False
2023-01,260,Woodside,Queens,False,549,13.83,30.2,0.056466302367941715,0.8269581056466302,False
2023-01,261,World Trade Center,Manhattan,False,12666,16.55,30.47,0.04776567187746723,0.806805621348492,True
2023-01,262,Yorkville East,Manhattan,False,43258,10.0,20.57,0.056197697535715935,0.8845069120162744,True
2023-01,263,Yorkville West,Manhattan,False,65436,9.0,20.8,0.05746072498318968,0.8847117794486216,True
2023-01,264,,Unknown,False,38543,15.23,36.18,0.07731624419479542,0.8202786498196819,True
2023-01,265,Outside of NYC,,False,524,6.31,38.95,0.07824427480916031,0.8893129770992366,False
2023-02,1,Newark Airport,EWR,True,69,0.27,37.3,0.07246376811594203,0.927536231884058,False
2023-02,2,Jamaica Bay,Queens,False,2,51.26,57.12,0.0,0.5,False
2023-02,3,Allerton/Pelham Gardens,Bronx,False,36,37.41,76.34,0.2222222222222222,0.3611111111111111,False
2023-02,4,Alphabet City,Manhattan,False,3629,12.63,24.78,0.04656930283824745,0.7079085147423533,True
2023-02,5,Arden Heights,Staten Island,False,43,61.47,78.09,0.023255813953488372,0.2558139534883721,False
2023-02,6,Arrochar/Fort Wadsworth,Staten Island,False,32,0.33,17.09,0.0,1.0,False
2023-02,7,Astoria,Queens,False,1303,13.3,31.97,0.059861857252494245,0.7697620874904068,True
2023-02,8,Astoria Park,Queens,False,10,17.0,31.15,0.0,1.0,False
2023-02,9,Auburndale,Queens,False,32,26.84,53.1,0.1875,0.59375,False
2023-02,10,Baisley Park,Queens,False,640,33.94,56.75,0.0265625,0.7546875,False
2023-02,11,Bath Beach,Brooklyn,False,26,30.91,54.77,0.07692307692307693,0.6538461538461539,False
2023-02,12,Battery Park,Manhattan,False,834,18.25,30.98,0.023980815347721823,0.8309352517985612,False
2023-02,13,Battery Park City,Manhattan,False,15095,15.6,29.06,0.030009937065253397,0.8549188473004306,True
2023-02,14,Bay Ridge,Brooklyn,False,190,31.88,61.44,0.07894736842105263,0.6263157894736842,False
2023-02,15,Bay Terrace/Fort Totten,Queens,False,22,31.0,45.62,0.0,0.7727272727272727,False
2023-02,16,Bayside,Queens,False,28,23.6,38.83,0.03571428571428571,0.8214285714285714,False
2023-02,17,Bedford,Brooklyn,False,289,24.9,45.69,0.18685121107266436,0.5224913494809689,False
2023-02,18,Bedford Park,Bronx,False,84,34.23,70.02,0.19047619047619047,0.42857142857142855,False
2023-02,19,Bellerose,Queens,False,35,23.05,48.89,0.11428571428571428,0.8571428571428571,False
2023-02,20,Belmont,Bronx,False,31,18.72,42.6,0.03225806451612903,0.7741935483870968,False
2023-02,21,Bensonhurst East,Brooklyn,False,50,39.49,63.18,0.18,0.46,False
2023-02,22,Bensonhurst West,Brooklyn,False,57,29.0,51.17,0.2807017543859649,0.543859649122807,False
2023-02,23,Bloomfield/Emerson Hill,Staten Island,False,51,47.6,66.53,0.0,0.6274509803921569,False
2023-02,24,Bloomingdale,Manhattan,False,7742,11.25,24.68,0.02053732885559287,0.8718677344355463,True
2023-02,25,Boerum Hill,Brooklyn,False,927,17.53,37.87,0.061488673139158574,0.703344120819849,False
2023-02,26,Borough Park,Brooklyn,False,67,27.47,60.58,0.23880597014925373,0.44776119402985076,False
2023-02,28,Briarwood/Jamaica Hills,Queens,False,261,21.58,46.43,0.05747126436781609,0.8390804597701149,False
2023-02,29,Brighton Beach,Brooklyn,False,64,47.33,72.28,0.0625,0.5,False
2023-02,30,Broad Channel,Queens,False,2,11.38,11.38,0.0,1.0,False
2023-02,31,Bronx Park,Bronx,False,17,32.18,53.3,0.058823529411764705,0.7058823529411765,False
2023-02,32,Bronxdale,Bronx,False,57,33.67,69.9,0.22807017543859648,0.40350877192982454,False
2023-02,33,Brooklyn Heights,Brooklyn,False,1167,19.1,34.67,0.037703513281919454,0.7806341045415596,True
2023-02,34,Brooklyn Navy Yard,Brooklyn,False,43,18.73,34.49,0.046511627906976744,0.7906976744186046,False
2023-02,35,Brownsville,Brooklyn,False,168,31.21,58.41,0.25,0.27380952380952384,False
2023-02,36,Bushwick North,Brooklyn,False,167,23.1,43.29,0.059880239520958084,0.48502994011976047,False
2023-02,37,Bushwick South,Brooklyn,False,302,24.99,45.8,0.06622516556291391,0.4966887417218543,False
2023-02,38,Cambria Heights,Queens,False,105,38.95,68.14,0.0380952380952381,0.49523809523809526,False
2023-02,39,Canarsie,Brooklyn,False,275,36.02,74.07,0.18545454545454546,0.43636363636363634,False
2023-02,40,Carroll Gardens,Brooklyn,False,338,16.27,36.58,0.07988165680473373,0.7307692307692307,False
2023-02,41,Central Harlem,Manhattan,False,6654,9.94,25.23,0.046438232642019836,0.8584310189359784,True
2023-02,42,Central Harlem North,Manhattan,False,2294,10.67,28.44,0.07802964254577158,0.8260680034873583,True
2023-02,43,Central Park,Manhattan,False,45237,10.77,23.62,0.07286071136459094,0.813714437296903,True
2023-02,44,Charleston/Tottenville,Staten Island,False,33,36.58,55.35,0.06060606060606061,0.8181818181818182,False
2023-02,45,Chinatown,Manhattan,False,3689,14.98,31.49,0.074817023583627,0.6985632962862565,True
2023-02,46,City Island,Bronx,False,1,29.55,29.55,0.0,1.0,False
2023-02,47,Claremont/Bathgate,Bronx,False,74,22.46,55.38,0.1891891891891892,0.47297297297297297,False
2023-02,48,Clinton East,Manhattan,False,78659,10.5,23.77,0.11023531954385385,0.7698292630213962,True
2023-02,49,Clinton Hill,Brooklyn,False,397,23.15,45.15,0.10327455919395466,0.5717884130982368,False
2023-02,50,Clinton West,Manhattan,False,17730,10.67,23.0,0.07146080090242526,0.8209249858996052,True
2023-02,51,Co-Op City,Bronx,False,155,34.65,63.36,0.16774193548387098,0.4774193548387097,False
2023-02,52,Cobble Hill,Brooklyn,False,566,18.08,34.38,0.07243816254416961,0.7314487632508834,False
2023-02,53,College Point,Queens,False,40,29.98,51.47,0.05,0.75,False
2023-02,54,Columbia Street,Brooklyn,False,47,22.8,35.86,0.0851063829787234,0.7021276595744681,False
2023-02,55,Coney Island,Brooklyn,False,123,45.08,70.81,0.04878048780487805,0.4715447154471545,False
2023-02,56,Corona,Queens,False,147,19.45,44.09,0.14965986394557823,0.6666666666666666,False
2023-02,57,Corona,Queens,False,5,7.0,20.76,0.0,1.0,False
2023-02,58,Country Club,Bronx,False,4,0.5,7.86,0.0,1.0,False
2023-02,59,Crotona Park,Bronx,False,3,33.32,41.8,0.0,1.0,False
2023-02,60,Crotona Park East,Bronx,False,41,26.1,44.1,0.3170731707317073,0.4146341463414634,False
2023-02,61,Crown Heights North,Brooklyn,False,481,26.52,48.33,0.15176715176715178,0.5218295218295218,False
2023-02,62,Crown Heights South,Brooklyn,False,157,30.85,57.49,0.18471337579617833,0.42038216560509556,False
2023-02,63,Cypress Hills,Brooklyn,False,66,27.84,42.56,0.06060606060606061,0.5606060606060606,False
2023-02,64,Douglaston,Queens,False,20,28.1,57.07,0.0,0.85,False
2023-02,65,Downtown Brooklyn/MetroTech,Brooklyn,False,1571,16.32,34.0,0.03373647358370465,0.8001273074474857,True
2023-02,66,DUMBO/Vinegar Hill,Brooklyn,False,591,18.0,33.58,0.01692047377326565,0.817258883248731,False
2023-02,67,Dyker Heights,Brooklyn,False,40,25.94,50.08,0.1,0.775,False
2023-02,68,East Chelsea,Manhattan,False,74247,13.2,26.4,0.15704338222419761,0.6721214325157919,True
2023-02,69,East Concourse/Concourse Village,Bronx,False,158,22.93,50.36,0.21518987341772153,0.5316455696202531,False
2023-02,70,East Elmhurst,Queens,False,11654,24.44,40.52,0.01999313540415308,0.8840741376351468,True
2023-02,71,East Flatbush/Farragut,Brooklyn,False,112,28.84,62.55,0.3392857142857143,0.30357142857142855,False
2023-02,72,East Flatbush/Remsen Village,Brooklyn,False,151,30.97,60.67,0.2052980132450331,0.26490066225165565,False
2023-02,73,East Flushing,Queens,False,19,30.5,58.77,0.15789473684210525,0.2631578947368421,False
2023-02,74,East Harlem North,Manhattan,False,5751,10.15,24.0,0.05390366892714311,0.862980351243262,True
2023-02,75,East Harlem South,Manhattan,False,17505,9.83,24.13,0.05227077977720651,0.8650099971436732,True
2023-02,76,East New York,Brooklyn,False,249,31.22,60.05,0.13654618473895583,0.37349397590361444,False
2023-02,77,East New York/Pennsylvania Avenue,Brooklyn,False,61,36.03,61.53,0.2459016393442623,0.3114754098360656,False
2023-02,78,East Tremont,Bronx,False,101,32.9,52.47,0.2376237623762376,0.5346534653465347,False
2023-02,79,East Village,Manhattan,False,73913,11.25,23.42,0.06801239294846644,0.7435904374061396,True
2023-02,80,East Williamsburg,Brooklyn,False,437,18.23,39.21,0.041189931350114416,0.6704805491990846,False
2023-02,81,Eastchester,Bronx,False,69,40.7,67.18,0.2318840579710145,0.36231884057971014,False
2023-02,82,Elmhurst,Queens,False,350,15.96,37.47,0.12285714285714286,0.7085714285714285,False
2023-02,83,Elmhurst/Maspeth,Queens,False,80,12.53,41.5,0.1125,0.75,False
2023-02,85,Erasmus,Brooklyn,False,83,28.85,57.69,0.26506024096385544,0.3493975903614458,False
2023-02,86,Far Rockaway,Queens,False,99,57.18,90.79,0.09090909090909091,0.25252525252525254,False
2023-02,87,Financial District North,Manhattan,False,13638,15.8,29.93,0.037982108813609035,0.8276873441853644,True
2023-02,88,Financial District South,Manhattan,False,6640,16.8,30.76,0.030873493975903613,0.8359939759036145,True
2023-02,89,Flatbush/Ditmas Park,Brooklyn,False,223,30.0,51.03,0.2825112107623318,0.4349775784753363,False
2023-02,90,Flatiron,Manhattan,False,46988,10.57,24.18,0.11258193581339916,0.7430407763684345,True
2023-02,91,Flatlands,Brooklyn,False,168,37.53,65.5,0.20833333333333334,0.30357142857142855,False
2023-02,92,Flushing,Queens,False,125,24.4,44.75,0.128,0.616,False
2023-02,93,Flushing Meadows-Corona Park,Queens,False,433,17.22,32.12,0.011547344110854504,0.953810623556582,False
2023-02,94,Fordham South,Bronx,False,44,27.5,54.8,0.06818181818181818,0.5681818181818182,False
2023-02,95,Forest Hills,Queens,False,299,17.48,41.4,0.16387959866220736,0.6622073578595318,False
2023-02,96,Forest Park/Highland Park,Queens,False,10,5.64,26.75,0.0,0.9,False
2023-02,97,Fort Greene,Brooklyn,False,1037,16.37,34.0,0.09064609450337512,0.7029893924783028,True
2023-02,98,Fresh Meadows,Queens,False,23,32.1,54.76,0.043478260869565216,0.6956521739130435,False
2023-02,99,Freshkills Park,Staten Island,False,2,0.07,0.07,0.0,1.0,False
2023-02,100,Garment District,Manhattan,False,48411,11.93,25.77,0.20854764413046623,0.6657577823221995,True
2023-02,101,Glen Oaks,Queens,False,38,23.59,52.61,0.05263157894736842,0.6578947368421053,False
2023-02,102,Glendale,Queens,False,37,20.57,40.59,0.21621621621621623,0.7027027027027027,False
2023-02,105,Governor's Island/Ellis Island/Liberty Island,Manhattan,False,1,28.65,28.65,0.0,0.0,False
2023-02,106,Gowanus,Brooklyn,False,135,21.4,46.2,0.0962962962962963,0.6148148148148148,False
2023-02,107,Gramercy,Manhattan,False,62791,10.83,22.32,0.09028363937506968,0.7754773773311462,True
2023-02,108,Gravesend,Brooklyn,False,69,43.95,78.6,0.057971014492753624,0.5362318840579711,False
2023-02,109,Great Kills,Staten Island,False,2,30.35,43.56,0.0,1.0,False
2023-02,112,Greenpoint,Brooklyn,False,506,17.97,31.0,0.021739130434782608,0.7430830039525692,False
2023-02,113,Greenwich Village North,Manhattan,False,39722,11.4,25.1,0.11021600120839836,0.6994109057952772,True
2023-02,114,Greenwich Village South,Manhattan,False,38949,11.47,24.68,0.0682687617140363,0.7059488048473646,True
2023-02,115,Grymes Hill/Clifton,Staten Island,False,4,1.43,11.33,0.5,1.0,False
2023-02,116,Hamilton Heights,Manhattan,False,1893,13.28,29.42,0.03909138932910724,0.838351822503962,True
2023-02,117,Hammels/Arverne,Queens,False,74,54.48,83.61,0.05405405405405406,0.33783783783783783,False
2023-02,118,Heartland Village/Todt Hill,Staten Island,False,3,39.8,47.56,0.0,0.6666666666666666,False
2023-02,119,Highbridge,Bronx,False,109,19.22,46.19,0.1559633027522936,0.6513761467889908,False
2023-02,120,Highbridge Park,Manhattan,False,11,18.58,26.68,0.0,1.0,False
2023-02,121,Hillcrest/Pomonok,Queens,False,94,24.89,51.12,0.19148936170212766,0.48936170212765956,False
2023-02,122,Hollis,Queens,False,39,36.77,54.53,0.1794871794871795,0.5641025641025641,False
2023-02,123,Homecrest,Brooklyn,False,54,35.9,65.43,0.18518518518518517,0.35185185185185186,False
2023-02,124,Howard Beach,Queens,False,85,26.65,59.18,0.07058823529411765,0.6941176470588235,False
2023-02,125,Hudson Sq,Manhattan,False,14184,11.52,26.92,0.06295826283135927,0.7669204737732657,True
2023-02,126,Hunts Point,Bronx,False,35,20.77,57.23,0.05714285714285714,0.4857142857142857,False
2023-02,127,Inwood,Manhattan,False,107,19.15,50.18,0.037383177570093455,0.7757009345794392,False
2023-02,128,Inwood Hill Park,Manhattan,False,15,15.87,38.33,0.06666666666666667,0.8,False
2023-02,129,Jackson Heights,Queens,False,459,14.63,38.02,0.12636165577342048,0.7407407407407407,False
2023-02,130,Jamaica,Queens,False,382,24.08,46.66,0.10732984293193717,0.7356020942408377,False
2023-02,131,Jamaica Estates,Queens,False,93,28.03,48.48,0.13978494623655913,0.6559139784946236,False
2023-02,132,JFK Airport,Queens,True,129218,37.72,59.12,0.007135228838087573,0.7524183937222368,True
2023-02,133,Kensington,Brooklyn,False,67,22.15,49.99,0.07462686567164178,0.7164179104477612,False
2023-02,134,Kew Gardens,Queens,False,232,14.95,43.31,0.04310344827586207,0.8620689655172413,False
2023-02,135,Kew Gardens Hills,Queens,False,121,19.65,50.32,0.12396694214876033,0.71900826446281,False
2023-02,136,Kingsbridge Heights,Bronx,False,72,27.12,55.85,0.125,0.6666666666666666,False
2023-02,137,Kips Bay,Manhattan,False,33726,10.62,22.42,0.095742157385993,0.8005099922908142,True
2023-02,138,LaGuardia Airport,Queens,False,83904,25.05,40.72,0.0037066170861937454,0.8834024599542334,True
2023-02,139,Laurelton,Queens,False,93,39.8,70.06,0.053763440860215055,0.5913978494623656,False
2023-02,140,Lenox Hill East,Manhattan,False,61054,10.93,22.83,0.09172208209126347,0.8197497297474367,True
2023-02,141,Lenox Hill West,Manhattan,False,73305,9.28,20.83,0.09651456244458086,0.8359047813928109,True
2023-02,142,Lincoln Square East,Manhattan,False,92135,9.98,21.13,0.043913822108861994,0.8547566071525479,True
2023-02,143,Lincoln Square West,Manhattan,False,31755,10.2,21.37,0.03728546685561329,0.8772476775310974,True
2023-02,144,Little Italy/NoLiTa,Manhattan,False,24847,12.63,26.41,0.07489837807381172,0.7092606753330382,True
2023-02,145,Long Island City/Hunters Point,Queens,False,1222,14.37,31.66,0.03600654664484452,0.8191489361702128,True
2023-02,146,Long Island City/Queens Plaza,Queens,False,1412,13.0,28.18,0.042492917847025496,0.8194050991501416,True
2023-02,147,Longwood,Bronx,False,46,23.43,44.23,0.1956521739130435,0.5434782608695652,False
2023-02,148,Lower East Side,Manhattan,False,31248,12.42,24.98,0.05334741423451101,0.7171658986175116,True
2023-02,149,Madison,Brooklyn,False,57,32.6,58.12,0.14035087719298245,0.5263157894736842,False
2023-02,150,Manhattan Beach,Brooklyn,False,23,32.73,56.84,0.2608695652173913,0.6086956521739131,False
2023-02,151,Manhattan Valley,Manhattan,False,23807,10.42,23.65,0.026840845129583735,0.883773680010081,True
2023-02,152,Manhattanville,Manhattan,False,1852,11.63,25.82,0.0275377969762419,0.8817494600431965,True
2023-02,153,Marble Hill,Manhattan,False,24,22.93,33.85,0.0,0.6666666666666666,False
2023-02,154,Marine Park/Floyd Bennett Field,Brooklyn,False,64,12.2,23.91,0.0,0.96875,False
2023-02,155,Marine Park/Mill Basin,Brooklyn,False,79,30.82,71.87,0.06329113924050633,0.6329113924050633,False
2023-02,156,Mariners Harbor,Staten Island,False,2,29.02,40.31,0.0,1.0,False
2023-02,157,Maspeth,Queens,False,249,16.47,36.01,0.07630522088353414,0.8353413654618473,False
2023-02,158,Meatpacking/West Village West,Manhattan,False,25865,13.18,26.52,0.07771119273149044,0.7097622269476126,True
2023-02,159,Melrose South,Bronx,False,154,18.06,46.44,0.23376623376623376,0.5,False
2023-02,160,Middle Village,Queens,False,33,24.62,40.28,0.06060606060606061,0.7878787878787878,False
2023-02,161,Midtown Center,Manhattan,False,134390,11.8,23.93,0.1760547659796116,0.7180742614777885,True
2023-02,162,Midtown East,Manhattan,False,101132,11.42,22.9,0.15664675869161096,0.7503856346161453,True
2023-02,163,Midtown North,Manhattan,False,83099,10.88,23.83,0.1155007882164647,0.7727529813836508,True
2023-02,164,Midtown South,Manhattan,False,66242,11.47,23.68,0.1454968147097008,0.7322695570785906,True
2023-02,165,Midwood,Brooklyn,False,100,34.33,60.39,0.22,0.34,False
2023-02,166,Morningside Heights,Manhattan,False,14423,12.0,26.18,0.0203147750121334,0.8502392012757402,True
2023-02,167,Morrisania/Melrose,Bronx,False,82,26.1,50.9,0.25609756097560976,0.45121951219512196,False
2023-02,168,Mott Haven/Port Morris,Bronx,False,256,16.19,39.22,0.10546875,0.69140625,False
2023-02,169,Mount Hope,Bronx,False,89,17.38,53.52,0.1348314606741573,0.6629213483146067,False
2023-02,170,Murray Hill,Manhattan,False,84227,11.33,22.87,0.149417645173163,0.7522290951832548,True
2023-02,171,Murray Hill-Queens,Queens,False,37,25.0,53.68,0.1891891891891892,0.5675675675675675,False
2023-02,172,New Dorp/Midland Beach,Staten Island,False,4,44.51,51.88,0.0,1.0,False
2023-02,173,North Corona,Queens,False,36,19.73,38.69,0.16666666666666666,0.5277777777777778,False
2023-02,174,Norwood,Bronx,False,92,26.83,59.18,0.25,0.4891304347826087,False
2023-02,175,Oakland Gardens,Queens,False,28,27.92,45.81,0.17857142857142858,0.6071428571428571,False
2023-02,177,Ocean Hill,Brooklyn,False,157,26.65,54.85,0.18471337579617833,0.3821656050955414,False
2023-02,178,Ocean Parkway South,Brooklyn,False,14,25.6,46.12,0.2857142857142857,0.35714285714285715,False
2023-02,179,Old Astoria,Queens,False,493,13.57,33.78,0.09939148073022312,0.7505070993914807,False
2023-02,180,Ozone Park,Queens,False,33,27.47,51.37,0.12121212121212122,0.6060606060606061,False
2023-02,181,Park Slope,Brooklyn,False,889,19.07,39.91,0.0764904386951631,0.6040494938132733,False
2023-02,182,Parkchester,Bronx,False,79,28.45,54.97,0.21518987341772153,0.45569620253164556,False
2023-02,183,Pelham Bay,Bronx,False,17,21.88,48.13,0.29411764705882354,0.5294117647058824,False
2023-02,184,Pelham Bay Park,Bronx,False,2,17.37,19.37,0.0,1.0,False
2023-02,185,Pelham Parkway,Bronx,False,47,29.1,48.47,0.1702127659574468,0.3829787234042553,False
2023-02,186,Penn Station/Madison Sq West,Manhattan,False,103748,13.53,26.8,0.23309364999807225,0.604609245479431,True
2023-02,188,Prospect-Lefferts Gardens,Brooklyn,False,289,27.0,50.1,0.23875432525951557,0.4186851211072664,False
2023-02,189,Prospect Heights,Brooklyn,False,251,19.87,38.4,0.0398406374501992,0.6334661354581673,False
2023-02,190,Prospect Park,Brooklyn,False,34,18.24,42.35,0.11764705882352941,0.6764705882352942,False
2023-02,191,Queens Village,Queens,False,121,35.92,59.1,0.08264462809917356,0.5867768595041323,False
2023-02,192,Queensboro Hill,Queens,False,32,19.97,51.23,0.09375,0.6875,False
2023-02,193,Queensbridge/Ravenswood,Queens,False,569,12.83,36.13,0.11599297012302284,0.7697715289982425,False
2023-02,194,Randalls Island,Manhattan,False,74,15.65,31.2,0.0,0.8783783783783784,False
2023-02,195,Red Hook,Brooklyn,False,58,29.83,57.6,0.10344827586206896,0.5344827586206896,False
2023-02,196,Rego Park,Queens,False,152,20.43,38.98,0.09210526315789473,0.7631578947368421,False
2023-02,197,Richmond Hill,Queens,False,271,30.18,62.38,0.11808118081180811,0.6752767527675276,False
2023-02,198,Ridgewood,Queens,False,95,25.55,39.61,0.06315789473684211,0.5473684210526316,False
2023-02,200,Riverdale/North Riverdale/Fieldston,Bronx,False,54,39.97,66.38,0.0,0.7407407407407407,False
2023-02,201,Rockaway Park,Queens,False,33,53.07,76.43,0.06060606060606061,0.42424242424242425,False
2023-02,202,Roosevelt Island,Manhattan,False,77,20.0,42.65,0.06493506493506493,0.7662337662337663,False
2023-02,203,Rosedale,Queens,False,106,29.44,57.87,0.03773584905660377,0.5188679245283019,False
2023-02,204,Rossville/Woodrow,Staten Island,False,1,6.7,6.7,0.0,1.0,False
2023-02,205,Saint Albans,Queens,False,162,27.7,58.71,0.14814814814814814,0.5123456790123457,False
2023-02,206,Saint George/New Brighton,Staten Island,False,3,91.53,98.0,0.0,0.0,False
2023-02,207,Saint Michaels Cemetery/Woodside,Queens,False,43,19.13,41.22,0.20930232558139536,0.7209302325581395,False
2023-02,208,Schuylerville/Edgewater Park,Bronx,False,46,28.89,56.94,0.15217391304347827,0.5217391304347826,False
2023-02,209,Seaport,Manhattan,False,4524,15.07,28.71,0.05371352785145889,0.8034924845269673,True
2023-02,210,Sheepshead Bay,Brooklyn,False,83,33.85,68.53,0.04819277108433735,0.6385542168674698,False
2023-02,211,SoHo,Manhattan,False,21065,12.35,26.41,0.07647756942796108,0.7308806076430098,True
2023-02,212,Soundview/Bruckner,Bronx,False,32,27.23,54.16,0.375,0.4375,False
2023-02,213,Soundview/Castle Hill,Bronx,False,165,28.18,54.39,0.11515151515151516,0.5757575757575758,False
2023-02,214,South Beach/Dongan Hills,Staten Island,False,10,43.14,49.01,0.0,0.3,False
2023-02,215,South Jamaica,Queens,False,341,30.95,49.68,0.07038123167155426,0.7243401759530792,False
2023-02,216,South Ozone Park,Queens,False,358,11.32,49.03,0.07262569832402235,0.7960893854748603,False
2023-02,217,South Williamsburg,Brooklyn,False,78,13.29,35.12,0.16666666666666666,0.6282051282051282,False
2023-02,218,Springfield Gardens North,Queens,False,143,36.17,62.98,0.16783216783216784,0.40559440559440557,False
2023-02,219,Springfield Gardens South,Queens,False,172,33.29,63.42,0.03488372093023256,0.7267441860465116,False
2023-02,220,Spuyten Duyvil/Kingsbridge,Bronx,False,94,21.73,46.62,0.0851063829787234,0.7446808510638298,False
2023-02,221,Stapleton,Staten Island,False,2,18.28,32.6,0.0,1.0,False
2023-02,222,Starrett City,Brooklyn,False,90,32.44,65.14,0.14444444444444443,0.37777777777777777,False
2023-02,223,Steinway,Queens,False,513,15.38,37.98,0.04483430799220273,0.8401559454191033,False
2023-02,224,Stuy Town/Peter Cooper Village,Manhattan,False,3790,11.56,23.68,0.06965699208443271,0.7978891820580475,True
2023-02,225,Stuyvesant Heights,Brooklyn,False,250,31.28,50.87,0.176,0.416,False
2023-02,226,Sunnyside,Queens,False,2091,16.38,33.5,0.03825920612147298,0.776183644189383,True
2023-02,227,Sunset Park East,Brooklyn,False,50,34.43,58.46,0.2,0.32,False
2023-02,228,Sunset Park West,Brooklyn,False,164,26.65,56.81,0.12195121951219512,0.6341463414634146,False
2023-02,229,Sutton Place/Turtle Bay North,Manhattan,False,57243,10.3,21.08,0.12962283597994514,0.7873277081913945,True
2023-02,230,Times Sq/Theatre District,Manhattan,False,96514,11.85,27.35,0.13880887746855378,0.7233043910727978,True
2023-02,231,TriBeCa/Civic Center,Manhattan,False,38452,13.07,27.18,0.06225944034120462,0.7858628939977115,True
2023-02,232,Two Bridges/Seward Park,Manhattan,False,3238,14.52,27.59,0.05250154416306362,0.7415071031500926,True
2023-02,233,UN/Turtle Bay South,Manhattan,False,35655,11.4,22.93,0.14312158182583087,0.7725143738606086,True
2023-02,234,Union Sq,Manhattan,False,80682,11.15,23.28,0.11324706873900002,0.7339183460995018,True
2023-02,235,University Heights/Morris Heights,Bronx,False,150,38.13,60.79,0.11333333333333333,0.6333333333333333,False
2023-02,236,Upper East Side North,Manhattan,False,125421,9.52,21.85,0.08340708493792906,0.8343419363583451,True
2023-02,237,Upper East Side South,Manhattan,False,134113,9.07,20.6,0.12191211888482101,0.8098916585267647,True
2023-02,238,Upper West Side North,Manhattan,False,58480,9.85,22.15,0.025649794801641587,0.8940492476060191,True
2023-02,239,Upper West Side South,Manhattan,False,80744,9.73,21.92,0.029252947587436837,0.8850440899633409,True
2023-02,240,Van Cortlandt Park,Bronx,False,7,26.62,42.89,0.0,0.8571428571428571,False
2023-02,241,Van Cortlandt Village,Bronx,False,66,24.97,54.07,0.10606060606060606,0.6666666666666666,False
2023-02,242,Van Nest/Morris Park,Bronx,False,117,23.47,46.33,0.3076923076923077,0.452991452991453,False
2023-02,243,Washington Heights North,Manhattan,False,338,16.95,34.13,0.05621301775147929,0.8136094674556213,False
2023-02,244,Washington Heights South,Manhattan,False,1726,14.69,32.53,0.046349942062572425,0.8528389339513326,True
2023-02,245,West Brighton,Staten Island,False,1,42.43,42.43,0.0,1.0,False
2023-02,246,West Chelsea/Hudson Yards,Manhattan,False,45631,12.88,24.28,0.12329337511779273,0.7306436413841467,True
2023-02,247,West Concourse,Bronx,False,216,19.15,49.0,0.1574074074074074,0.6527777777777778,False
2023-02,248,West Farms/Bronx River,Bronx,False,56,26.83,55.89,0.19642857142857142,0.4642857142857143,False
2023-02,249,West Village,Manhattan,False,65644,11.48,24.68,0.09164584729754433,0.6989214551215648,True
2023-02,250,Westchester Village/Unionport,Bronx,False,58,27.88,49.75,0.1724137931034483,0.4482758620689655,False
2023-02,251,Westerleigh,Staten Island,False,1,1437.98,1437.98,1.0,0.0,False
2023-02,252,Whitestone,Queens,False,35,15.75,43.27,0.05714285714285714,0.8571428571428571,False
2023-02,253,Willets Point,Queens,False,8,22.32,43.33,0.0,0.875,False
2023-02,254,Williamsbridge/Olinville,Bronx,False,97,35.2,64.08,0.2268041237113402,0.3711340206185567,False
2023-02,255,Williamsburg (North Side),Brooklyn,False,1123,19.48,32.42,0.031166518254674976,0.6206589492430988,True
2023-02,256,Williamsburg (South Side),Brooklyn,False,845,16.57,34.23,0.03076923076923077,0.6899408284023668,False
2023-02,257,Windsor Terrace,Brooklyn,False,52,26.18,43.02,0.19230769230769232,0.6153846153846154,False
2023-02,258,Woodhaven,Queens,False,64,20.91,48.76,0.0625,0.609375,False
2023-02,259,Woodlawn/Wakefield,Bronx,False,66,32.97,69.97,0.07575757575757576,0.5454545454545454,False
2023-02,260,Woodside,Queens,False,517,14.32,32.74,0.05609284332688588,0.8239845261121856,False
2023-02,261,World Trade Center,Manhattan,False,12104,16.8,30.97,0.0472571050892267,0.778916060806345,True
2023-02,262,Yorkville East,Manhattan,False,40319,10.05,21.18,0.046900964805674746,0.8853146159378953,True
2023-02,263,Yorkville West,Manhattan,False,59087,9.02,21.38,0.04877553438150524,0.8850000846209826,True
2023-02,264,,Unknown,False,33109,13.77,34.1,0.09021716149687396,0.7895134253526231,True
2023-02,265,Outside of NYC,,False,1446,53.93,60.48,0.10304287690179806,0.5069156293222683,True
2023-03,1,Newark Airport,EWR,True,98,0.32,45.35,0.09183673469387756,0.9081632653061225,False
2023-03,2,Jamaica Bay,Queens,False,3,15.02,29.47,0.0,0.6666666666666666,False
2023-03,3,Allerton/Pelham Gardens,Bronx,False,53,28.97,65.22,0.24528301886792453,0.5094339622641509,False
2023-03,4,Alphabet City,Manhattan,False,3816,12.93,25.37,0.05241090146750524,0.6999475890985325,True
2023-03,5,Arden Heights,Staten Island,False,47,51.27,70.0,0.02127659574468085,0.3404255319148936,False
2023-03,6,Arrochar/Fort Wadsworth,Staten Island,False,45,0.32,0.42,0.0,1.0,False
2023-03,7,Astoria,Queens,False,1571,13.73,33.0,0.0668364099299809,0.7441120305537874,True
2023-03,8,Astoria Park,Queens,False,14,33.43,50.77,0.14285714285714285,0.2857142857142857,False
2023-03,9,Auburndale,Queens,False,47,21.22,37.97,0.14893617021276595,0.5319148936170213,False
2023-03,10,Baisley Park,Queens,False,987,38.98,63.17,0.06382978723404255,0.6322188449848024,False
2023-03,11,Bath Beach,Brooklyn,False,41,35.07,53.58,0.07317073170731707,0.5853658536585366,False
2023-03,12,Battery Park,Manhattan,False,1208,18.42,33.49,0.046357615894039736,0.7764900662251656,True
2023-03,13,Battery Park City,Manhattan,False,18467,15.83,30.82,0.034548112849948555,0.8266096279850544,True
2023-03,14,Bay Ridge,Brooklyn,False,208,29.38,56.24,0.052884615384615384,0.6778846153846154,False
2023-03,15,Bay Terrace/Fort Totten,Queens,False,37,28.65,45.8,0.08108108108108109,0.7837837837837838,False
2023-03,16,Bayside,Queens,False,39,25.97,68.02,0.15384615384615385,0.6153846153846154,False
2023-03,17,Bedford,Brooklyn,False,350,24.13,48.0,0.14857142857142858,0.4657142857142857,False
2023-03,18,Bedford Park,Bronx,False,92,25.1,58.31,0.2391304347826087,0.42391304347826086,False
2023-03,19,Bellerose,Queens,False,58,25.76,54.59,0.034482758620689655,0.7413793103448276,False
2023-03,20,Belmont,Bronx,False,46,28.12,50.15,0.1956521739130435,0.34782608695652173,False
2023-03,21,Bensonhurst East,Brooklyn,False,67,34.47,67.52,0.14925373134328357,0.417910447761194,False
2023-03,22,Bensonhurst West,Brooklyn,False,85,42.43,64.67,0.11764705882352941,0.4588235294117647,False
2023-03,23,Bloomfield/Emerson Hill,Staten Island,False,46,55.21,72.27,0.0,0.41304347826086957,False
2023-03,24,Bloomingdale,Manhattan,False,8802,11.1,25.73,0.025448761645080663,0.8570779368325381,True
2023-03,25,Boerum Hill,Brooklyn,False,1233,17.62,39.61,0.09326845093268452,0.6682887266828873,True
2023-03,26,Borough Park,Brooklyn,False,114,33.63,69.7,0.2631578947368421,0.4298245614035088,False
2023-03,27,Breezy Point/Fort Tilden/Riis Beach,Queens,False,2,21.62,33.58,0.0,1.0,False
2023-03,28,Briarwood/Jamaica Hills,Queens,False,294,21.25,47.15,0.08843537414965986,0.782312925170068,False
2023-03,29,Brighton Beach,Brooklyn,False,72,46.27,70.23,0.08333333333333333,0.5,False
2023-03,30,Broad Channel,Queens,False,2,23.83,33.43,0.0,1.0,False
2023-03,31,Bronx Park,Bronx,False,20,31.69,57.07,0.05,0.7,False
2023-03,32,Bronxdale,Bronx,False,90,23.24,56.35,0.2,0.4888888888888889,False
2023-03,33,Brooklyn Heights,Brooklyn,False,1542,19.48,37.15,0.054474708171206226,0.7295719844357976,True
2023-03,34,Brooklyn Navy Yard,Brooklyn,False,67,17.0,33.82,0.05970149253731343,0.6865671641791045,False
2023-03,35,Brownsville,Brooklyn,False,223,32.5,62.73,0.2600896860986547,0.23766816143497757,False
2023-03,36,Bushwick North,Brooklyn,False,207,23.38,41.85,0.043478260869565216,0.4927536231884058,False
2023-03,37,Bushwick South,Brooklyn,False,298,23.51,46.69,0.09395973154362416,0.5503355704697986,False
2023-03,38,Cambria Heights,Queens,False,106,35.94,70.2,0.0660377358490566,0.5094339622641509,False
2023-03,39,Canarsie,Brooklyn,False,301,42.3,79.45,0.17275747508305647,0.3521594684385382,False
2023-03,40,Carroll Gardens,Brooklyn,False,393,16.08,35.25,0.08396946564885496,0.6972010178117048,False
2023-03,41,Central Harlem,Manhattan,False,8021,10.33,26.15,0.048123675352200475,0.839296845779828,True
2023-03,42,Central Harlem North,Manhattan,False,2792,11.27,30.68,0.07378223495702006,0.792621776504298,True
2023-03,43,Central Park,Manhattan,False,50751,11.35,25.65,0.12517979941281945,0.7536797304486611,True
2023-03,44,Charleston/Tottenville,Staten Island,False,43,42.78,67.75,0.046511627906976744,0.7441860465116279,False
2023-03,45,Chinatown,Manhattan,False,4001,15.5,32.67,0.08822794301424644,0.6730817295676081,True
2023-03,46,City Island,Bronx,False,6,40.36,57.72,0.0,0.5,False
2023-03,47,Claremont/Bathgate,Bronx,False,92,23.64,57.83,0.2391304347826087,0.45652173913043476,False
2023-03,48,Clinton East,Manhattan,False,93120,10.9,24.9,0.1301331615120275,0.740002147766323,True
2023-03,49,Clinton Hill,Brooklyn,False,499,22.0,44.56,0.12424849699398798,0.5751503006012024,False
2023-03,50,Clinton West,Manhattan,False,20456,10.92,23.68,0.09649980445834963,0.7859307782557685,True
2023-03,51,Co-Op City,Bronx,False,257,35.92,60.76,0.1556420233463035,0.4591439688715953,False
2023-03,52,Cobble Hill,Brooklyn,False,626,18.53,35.57,0.11022364217252396,0.6916932907348243,False
2023-03,53,College Point,Queens,False,40,27.98,50.34,0.075,0.775,False
2023-03,54,Columbia Street,Brooklyn,False,45,24.0,45.85,0.0,0.7333333333333333,False
2023-03,55,Coney Island,Brooklyn,False,125,52.1,73.71,0.072,0.392,False
2023-03,56,Corona,Queens,False,206,24.48,46.16,0.1650485436893204,0.5436893203883495,False
2023-03,57,Corona,Queens,False,7,31.77,44.38,0.0,0.5714285714285714,False
2023-03,58,Country Club,Bronx,False,3,19.73,19.92,0.6666666666666666,0.3333333333333333,False
2023-03,59,Crotona Park,Bronx,False,1,35.68,35.68,0.0,1.0,False
2023-03,60,Crotona Park East,Bronx,False,68,29.24,51.14,0.27941176470588236,0.4411764705882353,False
2023-03,61,Crown Heights North,Brooklyn,False,573,28.0,53.99,0.18150087260034903,0.418848167539267,False
2023-03,62,Crown Heights South,Brooklyn,False,180,28.19,54.36,0.2,0.42777777777777776,False
2023-03,63,Cypress Hills,Brooklyn,False,69,30.97,52.04,0.10144927536231885,0.4782608695652174,False
2023-03,64,Douglaston,Queens,False,42,10.1,36.68,0.023809523809523808,0.9285714285714286,False
2023-03,65,Downtown Brooklyn/MetroTech,Brooklyn,False,1916,16.67,36.32,0.04175365344467641,0.7734864300626305,True
2023-03,66,DUMBO/Vinegar Hill,Brooklyn,False,789,17.72,35.82,0.022813688212927757,0.761723700887199,False
2023-03,67,Dyker Heights,Brooklyn,False,42,28.28,53.77,0.16666666666666666,0.5714285714285714,False
2023-03,68,East Chelsea,Manhattan,False,84517,13.43,27.3,0.1753375060638688,0.6492185004200338,True
2023-03,69,East Concourse/Concourse Village,Bronx,False,216,25.03,54.28,0.23148148148148148,0.48148148148148145,False
2023-03,70,East Elmhurst,Queens,False,15944,26.16,44.82,0.02082288008028098,0.8209357752132463,True
2023-03,71,East Flatbush/Farragut,Brooklyn,False,147,30.55,58.34,0.2857142857142857,0.2585034013605442,False
2023-03,72,East Flatbush/Remsen Village,Brooklyn,False,178,33.02,61.01,0.2696629213483146,0.3258426966292135,False
2023-03,73,East Flushing,Queens,False,28,32.92,72.61,0.17857142857142858,0.5357142857142857,False
2023-03,74,East Harlem North,Manhattan,False,7004,9.97,24.67,0.060394060536836096,0.8472301541976014,True
2023-03,75,East Harlem South,Manhattan,False,19713,9.88,25.14,0.061837366205042356,0.8549688023131944,True
2023-03,76,East New York,Brooklyn,False,372,33.45,65.02,0.1532258064516129,0.4032258064516129,False
2023-03,77,East New York/Pennsylvania Avenue,Brooklyn,False,75,35.5,60.79,0.21333333333333335,0.21333333333333335,False
2023-03,78,East Tremont,Bronx,False,135,25.33,58.85,0.2222222222222222,0.43703703703703706,False
2023-03,79,East Village,Manhattan,False,81881,11.28,23.58,0.06696303171675969,0.7394267290335975,True
2023-03,80,East Williamsburg,Brooklyn,False,510,19.0,38.05,0.054901960784313725,0.6509803921568628,False
2023-03,81,Eastchester,Bronx,False,98,33.16,64.05,0.1836734693877551,0.3469387755102041,False
2023-03,82,Elmhurst,Queens,False,391,17.15,42.0,0.1815856777493606,0.649616368286445,False
2023-03,83,Elmhurst/Maspeth,Queens,False,117,17.12,44.75,0.13675213675213677,0.6752136752136753,False
2023-03,84,Eltingville/Annadale/Prince's Bay,Staten Island,False,2,29.27,41.53,0.5,0.5,False
2023-03,85,Erasmus,Brooklyn,False,102,32.87,56.84,0.19607843137254902,0.29411764705882354,False
2023-03,86,Far Rockaway,Queens,False,111,52.95,82.65,0.15315315315315314,0.25225225225225223,False
2023-03,87,Financial District North,Manhattan,False,16352,15.97,30.65,0.047578277886497065,0.8052837573385518,True
2023-03,88,Financial District South,Manhattan,False,8953,16.97,32.35,0.04132692952083101,0.7960460180944935,True
2023-03,89,Flatbush/Ditmas Park,Brooklyn,False,314,31.04,56.47,0.20382165605095542,0.40764331210191085,False
2023-03,90,Flatiron,Manhattan,False,55084,10.82,25.05,0.13029191779827173,0.7153256844092658,True
2023-03,91,Flatlands,Brooklyn,False,171,36.43,66.78,0.16374269005847952,0.2222222222222222,False
2023-03,92,Flushing,Queens,False,158,28.17,51.98,0.11392405063291139,0.5506329113924051,False
2023-03,93,Flushing Meadows-Corona Park,Queens,False,438,19.23,38.01,0.00684931506849315,0.860730593607306,False
2023-03,94,Fordham South,Bronx,False,59,24.78,50.77,0.2033898305084746,0.4576271186440678,False
2023-03,95,Forest Hills,Queens,False,379,21.13,44.23,0.17678100263852242,0.5963060686015831,False
2023-03,96,Forest Park/Highland Park,Queens,False,7,26.03,36.5,0.0,0.8571428571428571,False
2023-03,97,Fort Greene,Brooklyn,False,1324,17.09,35.31,0.10347432024169184,0.6472809667673716,True
2023-03,98,Fresh Meadows,Queens,False,39,22.03,51.59,0.07692307692307693,0.6666666666666666,False
2023-03,99,Freshkills Park,Staten Island,False,2,0.05,0.05,0.0,1.0,False
2023-03,100,Garment District,Manhattan,False,57359,12.35,26.85,0.24404191146986523,0.6252201049530152,True
2023-03,101,Glen Oaks,Queens,False,41,24.45,49.53,0.0975609756097561,0.6829268292682927,False
2023-03,102,Glendale,Queens,False,65,23.77,48.16,0.26153846153846155,0.5230769230769231,False
2023-03,106,Gowanus,Brooklyn,False,148,20.29,49.6,0.14864864864864866,0.6148648648648649,False
2023-03,107,Gramercy,Manhattan,False,72947,10.82,22.83,0.10328046389844682,0.7583039741181954,True
2023-03,108,Gravesend,Brooklyn,False,112,34.06,79.3,0.026785714285714284,0.5357142857142857,False
2023-03,109,Great Kills,Staten Island,False,1,29.58,29.58,0.0,1.0,False
2023-03,111,Green-Wood Cemetery,Brooklyn,False,5,16.25,34.23,0.2,0.4,False
2023-03,112,Greenpoint,Brooklyn,False,525,17.38,34.84,0.02857142857142857,0.7085714285714285,False
2023-03,113,Greenwich Village North,Manhattan,False,45748,11.33,25.55,0.10935997202063479,0.7029815511060593,True
2023-03,114,Greenwich Village South,Manhattan,False,43824,11.55,24.98,0.06914019715224534,0.7073293172690763,True
2023-03,115,Grymes Hill/Clifton,Staten Island,False,1,7.83,7.83,0.0,1.0,False
2023-03,116,Hamilton Heights,Manhattan,False,2328,13.7,29.96,0.036941580756013746,0.8294673539518901,True
2023-03,117,Hammels/Arverne,Queens,False,125,50.95,76.46,0.048,0.336,False
2023-03,118,Heartland Village/Todt Hill,Staten Island,False,4,71.71,74.65,0.25,0.25,False
2023-03,119,Highbridge,Bronx,False,122,25.08,55.07,0.23770491803278687,0.5163934426229508,False
2023-03,120,Highbridge Park,Manhattan,False,13,13.93,51.09,0.15384615384615385,0.9230769230769231,False
2023-03,121,Hillcrest/Pomonok,Queens,False,147,26.08,48.88,0.1292517006802721,0.4965986394557823,False
2023-03,122,Hollis,Queens,False,60,25.77,50.25,0.26666666666666666,0.5333333333333333,False
2023-03,123,Homecrest,Brooklyn,False,71,39.33,71.0,0.14084507042253522,0.4788732394366197,False
2023-03,124,Howard Beach,Queens,False,97,23.87,67.93,0.05154639175257732,0.6804123711340206,False
2023-03,125,Hudson Sq,Manhattan,False,16213,11.68,27.63,0.06611978042311725,0.7524825757108493,True
2023-03,126,Hunts Point,Bronx,False,52,27.31,55.51,0.25,0.4230769230769231,False
2023-03,127,Inwood,Manhattan,False,155,18.3,44.99,0.03225806451612903,0.8129032258064516,False
2023-03,128,Inwood Hill Park,Manhattan,False,16,20.62,27.53,0.125,0.875,False
2023-03,129,Jackson Heights,Queens,False,605,16.33,40.83,0.09917355371900827,0.7388429752066116,False
2023-03,130,Jamaica,Queens,False,477,24.8,50.43,0.1111111111111111,0.6477987421383647,False
2023-03,131,Jamaica Estates,Queens,False,149,23.33,54.62,0.21476510067114093,0.6241610738255033,False
2023-03,132,JFK Airport,Queens,True,166201,40.32,64.3,0.007629316309769496,0.6577637920349456,True
2023-03,133,Kensington,Brooklyn,False,80,25.09,57.68,0.05,0.6625,False
2023-03,134,Kew Gardens,Queens,False,295,15.35,43.79,0.09491525423728814,0.8,False
2023-03,135,Kew Gardens Hills,Queens,False,175,21.95,52.85,0.18857142857142858,0.6685714285714286,False
2023-03,136,Kingsbridge Heights,Bronx,False,96,29.77,67.32,0.14583333333333334,0.3958333333333333,False
2023-03,137,Kips Bay,Manhattan,False,38836,10.6,22.83,0.11811206097435369,0.7793284581316304,True
2023-03,138,LaGuardia Airport,Queens,False,114356,26.98,45.22,0.0055003672741264125,0.8193011298051698,True
2023-03,139,Laurelton,Queens,False,102,40.22,72.86,0.049019607843137254,0.45098039215686275,False
2023-03,140,Lenox Hill East,Manhattan,False,70008,11.0,23.5,0.10677351159867443,0.8047080333676151,True
2023-03,141,Lenox Hill West,Manhattan,False,82192,9.32,21.37,0.12075384465641426,0.815772824605801,True
2023-03,142,Lincoln Square East,Manhattan,False,109382,10.18,22.03,0.06923442613958421,0.8253186081805051,True
2023-03,143,Lincoln Square West,Manhattan,False,37688,10.12,22.05,0.056835066864784546,0.851650392697941,True
2023-03,144,Little Italy/NoLiTa,Manhattan,False,27391,12.88,27.2,0.07622941842210945,0.7000109525026469,True
2023-03,145,Long Island City/Hunters Point,Queens,False,1516,14.38,35.09,0.05013192612137203,0.8034300791556728,True
2023-03,146,Long Island City/Queens Plaza,Queens,False,1627,13.08,29.71,0.05716041794714198,0.7934849416103258,True
2023-03,147,Longwood,Bronx,False,56,24.23,48.96,0.17857142857142858,0.5535714285714286,False
2023-03,148,Lower East Side,Manhattan,False,32939,12.52,25.42,0.05765202343726282,0.7164759100154832,True
2023-03,149,Madison,Brooklyn,False,58,31.63,66.5,0.08620689655172414,0.5344827586206896,False
2023-03,150,Manhattan Beach,Brooklyn,False,30,39.06,68.11,0.13333333333333333,0.5666666666666667,False
2023-03,151,Manhattan Valley,Manhattan,False,27103,10.27,24.0,0.03158321956978932,0.8747002176880788,True
2023-03,152,Manhattanville,Manhattan,False,2235,12.22,26.21,0.03758389261744966,0.8742729306487695,True
2023-03,153,Marble Hill,Manhattan,False,31,21.2,35.1,0.1935483870967742,0.6451612903225806,False
2023-03,154,Marine Park/Floyd Bennett Field,Brooklyn,False,71,11.03,28.55,0.014084507042253521,0.9154929577464789,False
2023-03,155,Marine Park/Mill Basin,Brooklyn,False,116,34.48,69.98,0.12931034482758622,0.41379310344827586,False
2023-03,156,Mariners Harbor,Staten Island,False,1,44.97,44.97,0.0,1.0,False
2023-03,157,Maspeth,Queens,False,253,18.0,38.67,0.07905138339920949,0.8102766798418972,False
2023-03,158,Meatpacking/West Village West,Manhattan,False,26703,13.05,27.03,0.08309927723476764,0.6974871737257986,True
2023-03,159,Melrose South,Bronx,False,192,21.48,46.22,0.20833333333333334,0.5052083333333334,False
2023-03,160,Middle Village,Queens,False,68,19.42,46.97,0.1323529411764706,0.6911764705882353,False
2023-03,161,Midtown Center,Manhattan,False,159830,12.32,25.47,0.23065131702433836,0.6585246824751299,True
2023-03,162,Midtown East,Manhattan,False,124364,11.78,24.15,0.19465440159531697,0.7092004116947026,True
2023-03,163,Midtown North,Manhattan,False,98454,11.27,25.18,0.16587441851016718,0.7197777642350742,True
2023-03,164,Midtown South,Manhattan,False,79046,11.65,24.73,0.17851630696050402,0.6981124914606684,True
2023-03,165,Midwood,Brooklyn,False,112,38.46,66.01,0.26785714285714285,0.2857142857142857,False
2023-03,166,Morningside Heights,Manhattan,False,15773,12.02,27.4,0.026691181132314716,0.8388385215241235,True
2023-03,167,Morrisania/Melrose,Bronx,False,150,28.98,56.57,0.25333333333333335,0.29333333333333333,False
2023-03,168,Mott Haven/Port Morris,Bronx,False,290,16.24,45.02,0.1310344827586207,0.6689655172413793,False
2023-03,169,Mount Hope,Bronx,False,127,25.35,50.48,0.18110236220472442,0.4645669291338583,False
2023-03,170,Murray Hill,Manhattan,False,101000,11.55,23.87,0.17989108910891088,0.7209009900990099,True
2023-03,171,Murray Hill-Queens,Queens,False,33,27.62,53.78,0.15151515151515152,0.6060606060606061,False
2023-03,172,New Dorp/Midland Beach,Staten Island,False,2,25.75,32.39,0.0,1.0,False
2023-03,173,North Corona,Queens,False,57,17.72,46.29,0.15789473684210525,0.543859649122807,False
2023-03,174,Norwood,Bronx,False,117,26.83,60.53,0.1794871794871795,0.39316239316239315,False
2023-03,175,Oakland Gardens,Queens,False,50,13.09,39.35,0.16,0.74,False
2023-03,176,Oakwood,Staten Island,False,2,33.24,45.48,0.0,0.5,False
2023-03,177,Ocean Hill,Brooklyn,False,172,28.1,52.73,0.18604651162790697,0.37790697674418605,False
2023-03,178,Ocean Parkway South,Brooklyn,False,14,25.73,76.28,0.21428571428571427,0.5,False
2023-03,179,Old Astoria,Queens,False,576,14.87,35.22,0.11631944444444445,0.6579861111111112,False
2023-03,180,Ozone Park,Queens,False,47,27.88,53.52,0.10638297872340426,0.5319148936170213,False
2023-03,181,Park Slope,Brooklyn,False,999,19.73,43.56,0.06906906906906907,0.5835835835835835,False
2023-03,182,Parkchester,Bronx,False,134,27.03,58.54,0.23134328358208955,0.3805970149253731,False
2023-03,183,Pelham Bay,Bronx,False,22,31.37,60.24,0.2727272727272727,0.45454545454545453,False
2023-03,184,Pelham Bay Park,Bronx,False,1,16.12,16.12,0.0,1.0,False
2023-03,185,Pelham Parkway,Bronx,False,84,22.12,48.53,0.32142857142857145,0.4523809523809524,False
2023-03,186,Penn Station/Madison Sq West,Manhattan,False,114883,13.92,28.08,0.26367695829670185,0.569327054481516,True
2023-03,187,Port Richmond,Staten Island,False,1,21.37,21.37,0.0,1.0,False
2023-03,188,Prospect-Lefferts Gardens,Brooklyn,False,343,27.92,54.19,0.21574344023323616,0.3848396501457726,False
2023-03,189,Prospect Heights,Brooklyn,False,327,20.0,42.31,0.0672782874617737,0.599388379204893,False
2023-03,190,Prospect Park,Brooklyn,False,36,27.81,50.02,0.027777777777777776,0.5,False
2023-03,191,Queens Village,Queens,False,176,32.08,62.88,0.07954545454545454,0.6079545454545454,False
2023-03,192,Queensboro Hill,Queens,False,68,21.68,53.23,0.19117647058823528,0.6176470588235294,False
2023-03,193,Queensbridge/Ravenswood,Queens,False,658,15.93,43.72,0.12613981762917933,0.71580547112462,False
2023-03,194,Randalls Island,Manhattan,False,98,15.71,37.2,0.030612244897959183,0.8877551020408163,False
2023-03,195,Red Hook,Brooklyn,False,100,19.88,53.6,0.09,0.67,False
2023-03,196,Rego Park,Queens,False,167,21.55,42.58,0.1437125748502994,0.6347305389221557,False
2023-03,197,Richmond Hill,Queens,False,322,32.72,68.34,0.11180124223602485,0.6086956521739131,False
2023-03,198,Ridgewood,Queens,False,82,23.5,44.46,0.15853658536585366,0.5,False
2023-03,199,Rikers Island,Bronx,False,2,37.82,40.95,0.0,0.5,False
2023-03,200,Riverdale/North Riverdale/Fieldston,Bronx,False,73,33.3,55.57,0.0684931506849315,0.726027397260274,False
2023-03,201,Rockaway Park,Queens,False,46,46.17,74.13,0.043478260869565216,0.43478260869565216,False
2023-03,202,Roosevelt Island,Manhattan,False,113,19.02,43.01,0.04424778761061947,0.7079646017699115,False
2023-03,203,Rosedale,Queens,False,118,24.82,58.61,0.05084745762711865,0.576271186440678,False
2023-03,204,Rossville/Woodrow,Staten Island,False,2,82.36,91.11,0.0,0.0,False
2023-03,205,Saint Albans,Queens,False,258,29.08,67.44,0.2131782945736434,0.38372093023255816,False
2023-03,206,Saint George/New Brighton,Staten Island,False,2,21.69,28.5,0.0,1.0,False
2023-03,207,Saint Michaels Cemetery/Woodside,Queens,False,42,19.47,49.24,0.3333333333333333,0.6428571428571429,False
2023-03,208,Schuylerville/Edgewater Park,Bronx,False,94,27.47,61.13,0.2127659574468085,0.5106382978723404,False
2023-03,209,Seaport,Manhattan,False,5398,15.1,29.8,0.06317154501667284,0.7873286402371249,True
2023-03,210,Sheepshead Bay,Brooklyn,False,104,34.15,73.44,0.14423076923076922,0.5769230769230769,False
2023-03,211,SoHo,Manhattan,False,23869,12.42,27.45,0.08898571368720935,0.7067744773555658,True
2023-03,212,Soundview/Bruckner,Bronx,False,70,27.91,53.14,0.24285714285714285,0.4714285714285714,False
2023-03,213,Soundview/Castle Hill,Bronx,False,219,26.85,54.24,0.1278538812785388,0.5159817351598174,False
2023-03,214,South Beach/Dongan Hills,Staten Island,False,9,37.45,48.62,0.0,0.6666666666666666,False
2023-03,215,South Jamaica,Queens,False,423,30.83,54.78,0.10874704491725769,0.6808510638297872,False
2023-03,216,South Ozone Park,Queens,False,446,19.47,62.81,0.08520179372197309,0.6816143497757847,False
2023-03,217,South Williamsburg,Brooklyn,False,98,16.38,40.73,0.17346938775510204,0.5714285714285714,False
2023-03,218,Springfield Gardens North,Queens,False,208,36.68,68.79,0.20192307692307693,0.28846153846153844,False
2023-03,219,Springfield Gardens South,Queens,False,296,35.84,66.68,0.0472972972972973,0.5540540540540541,False
2023-03,220,Spuyten Duyvil/Kingsbridge,Bronx,False,139,23.32,47.73,0.14388489208633093,0.5971223021582733,False
2023-03,221,Stapleton,Staten Island,False,2,49.33,58.45,0.0,1.0,False
2023-03,222,Starrett City,Brooklyn,False,129,42.53,74.41,0.12403100775193798,0.34108527131782945,False
2023-03,223,Steinway,Queens,False,507,17.42,42.43,0.04930966469428008,0.814595660749507,False
2023-03,224,Stuy Town/Peter Cooper Village,Manhattan,False,4536,11.69,24.01,0.07649911816578484,0.7742504409171076,True
2023-03,225,Stuyvesant Heights,Brooklyn,False,337,31.85,54.6,0.1632047477744807,0.39465875370919884,False
2023-03,226,Sunnyside,Queens,False,2321,16.92,38.0,0.06591986212839293,0.7341663076260233,True
2023-03,227,Sunset Park East,Brooklyn,False,63,34.88,55.79,0.06349206349206349,0.4603174603174603,False
2023-03,228,Sunset Park West,Brooklyn,False,196,26.07,56.89,0.10204081632653061,0.5408163265306123,False
2023-03,229,Sutton Place/Turtle Bay North,Manhattan,False,67105,10.55,21.98,0.16474182251695105,0.7527009909842783,True
2023-03,230,Times Sq/Theatre District,Manhattan,False,116360,12.42,29.17,0.17933997937435545,0.6718202131316604,True
2023-03,231,TriBeCa/Civic Center,Manhattan,False,45287,13.42,28.53,0.07116832645129949,0.756640978647294,True
2023-03,232,Two Bridges/Seward Park,Manhattan,False,3430,14.68,28.82,0.06763848396501458,0.7198250728862974,True
2023-03,233,UN/Turtle Bay South,Manhattan,False,45992,11.95,24.5,0.19814315533136198,0.7221255870586188,True
2023-03,234,Union Sq,Manhattan,False,93308,11.25,24.05,0.1353688858404424,0.7118039182063703,True
2023-03,235,University Heights/Morris Heights,Bronx,False,171,33.17,65.78,0.1695906432748538,0.42105263157894735,False
2023-03,236,Upper East Side North,Manhattan,False,138530,9.68,22.95,0.11289973290983903,0.804367285064607,True
2023-03,237,Upper East Side South,Manhattan,False,153128,9.27,21.55,0.15464839872524946,0.7770035525834595,True
2023-03,238,Upper West Side North,Manhattan,False,65908,9.85,23.38,0.03436608605935546,0.8772076227468593,True
2023-03,239,Upper West Side South,Manhattan,False,93674,9.88,23.07,0.04444136046288191,0.8615410893097337,True
2023-03,240,Van Cortlandt Park,Bronx,False,9,29.72,49.13,0.2222222222222222,0.4444444444444444,False
2023-03,241,Van Cortlandt Village,Bronx,False,106,25.57,55.47,0.1509433962264151,0.5,False
2023-03,242,Van Nest/Morris Park,Bronx,False,225,24.62,53.28,0.26222222222222225,0.4577777777777778,False
2023-03,243,Washington Heights North,Manhattan,False,468,18.39,41.82,0.0811965811965812,0.7735042735042735,False
2023-03,244,Washington Heights South,Manhattan,False,2089,15.73,34.22,0.04691239827668741,0.8405935854475826,True
2023-03,245,West Brighton,Staten Island,False,2,9.02,12.19,0.0,1.0,False
2023-03,246,West Chelsea/Hudson Yards,Manhattan,False,52437,13.1,25.11,0.15006579323759942,0.7027099185689494,True
2023-03,247,West Concourse,Bronx,False,311,21.23,53.17,0.1607717041800643,0.617363344051447,False
2023-03,248,West Farms/Bronx River,Bronx,False,77,25.88,52.88,0.2077922077922078,0.37662337662337664,False
2023-03,249,West Village,Manhattan,False,73560,11.52,24.88,0.09162588363240892,0.6946710168569875,True
2023-03,250,Westchester Village/Unionport,Bronx,False,94,28.98,57.57,0.13829787234042554,0.46808510638297873,False
2023-03,251,Westerleigh,Staten Island,False,8,16.82,52.23,0.125,0.875,False
2023-03,252,Whitestone,Queens,False,25,24.48,52.01,0.12,0.68,False
2023-03,253,Willets Point,Queens,False,11,28.37,55.42,0.09090909090909091,0.6363636363636364,False
2023-03,254,Williamsbridge/Olinville,Bronx,False,160,30.63,57.1,0.1875,0.4375,False
2023-03,255,Williamsburg (North Side),Brooklyn,False,1261,19.08,32.87,0.035685963521015066,0.6082474226804123,True
2023-03,256,Williamsburg (South Side),Brooklyn,False,998,16.97,35.94,0.041082164328657314,0.6472945891783567,False
2023-03,257,Windsor Terrace,Brooklyn,False,64,25.96,59.68,0.1875,0.5625,False
2023-03,258,Woodhaven,Queens,False,90,25.73,59.36,0.16666666666666666,0.36666666666666664,False
2023-03,259,Woodlawn/Wakefield,Bronx,False,72,26.76,60.87,0.2361111111111111,0.5,False
2023-03,260,Woodside,Queens,False,592,15.46,39.94,0.06756756756756757,0.7449324324324325,False
2023-03,261,World Trade Center,Manhattan,False,15954,17.3,32.61,0.05866867243324558,0.7492791776357026,True
2023-03,262,Yorkville East,Manhattan,False,45117,10.07,21.32,0.05080125008311723,0.8805328368464215,True
2023-03,263,Yorkville West,Manhattan,False,66581,9.08,21.83,0.0598519097039696,0.8748441747645724,True
2023-03,264,,Unknown,False,28485,12.25,32.2,0.11332280147446024,0.7452694400561699,True
2023-03,265,Outside of NYC,,False,2133,59.47,60.51,0.12376933895921238,0.4542897327707454,True
2023-04,1,Newark Airport,EWR,True,76,0.31,20.01,0.09210526315789473,0.9736842105263158,False
2023-04,2,Jamaica Bay,Queens,False,1,15.8,15.8,0.0,1.0,False
2023-04,3,Allerton/Pelham Gardens,Bronx,False,46,29.66,53.83,0.2608695652173913,0.41304347826086957,False
2023-04,4,Alphabet City,Manhattan,False,4017,12.63,25.0,0.05078416728902166,0.6960418222554144,True
2023-04,5,Arden Heights,Staten Island,False,39,52.47,77.43,0.0,0.4358974358974359,False
2023-04,6,Arrochar/Fort Wadsworth,Staten Island,False,60,0.3,0.57,0.016666666666666666,0.9833333333333333,False
2023-04,7,Astoria,Queens,False,1537,13.48,32.43,0.06441119063109954,0.7482108002602472,True
2023-04,8,Astoria Park,Queens,False,13,15.68,35.04,0.0,0.9230769230769231,False
2023-04,9,Auburndale,Queens,False,40,19.18,39.25,0.175,0.65,False
2023-04,10,Baisley Park,Queens,False,832,41.19,67.61,0.040865384615384616,0.6117788461538461,False
2023-04,11,Bath Beach,Brooklyn,False,49,31.65,73.35,0.08163265306122448,0.5102040816326531,False
2023-04,12,Battery Park,Manhattan,False,1564,19.63,34.15,0.03964194373401535,0.7608695652173914,True
2023-04,13,Battery Park City,Manhattan,False,17933,15.95,31.21,0.03791892042603023,0.8105726872246696,True
2023-04,14,Bay Ridge,Brooklyn,False,198,31.48,56.28,0.04040404040404041,0.6111111111111112,False
2023-04,15,Bay Terrace/Fort Totten,Queens,False,41,31.07,45.8,0.07317073170731707,0.5853658536585366,False
2023-04,16,Bayside,Queens,False,47,24.72,47.21,0.1276595744680851,0.6170212765957447,False
2023-04,17,Bedford,Brooklyn,False,426,22.54,46.84,0.13849765258215962,0.5211267605633803,False
2023-04,18,Bedford Park,Bronx,False,84,35.83,64.11,0.21428571428571427,0.44047619047619047,False
2023-04,19,Bellerose,Queens,False,51,21.77,41.62,0.11764705882352941,0.7254901960784313,False
2023-04,20,Belmont,Bronx,False,52,30.25,55.31,0.21153846153846154,0.46153846153846156,False
2023-04,21,Bensonhurst East,Brooklyn,False,74,35.07,58.54,0.13513513513513514,0.5540540540540541,False
2023-04,22,Bensonhurst West,Brooklyn,False,50,35.51,65.58,0.16,0.64,False
2023-04,23,Bloomfield/Emerson Hill,Staten Island,False,57,54.98,71.6,0.0,0.631578947368421,False
2023-04,24,Bloomingdale,Manhattan,False,8828,11.38,25.72,0.025147258722247396,0.8550067965564114,True
2023-04,25,Boerum Hill,Brooklyn,False,1397,17.98,39.26,0.09162491052254831,0.6678596993557624,True
2023-04,26,Borough Park,Brooklyn,False,75,29.22,57.13,0.29333333333333333,0.36,False
2023-04,27,Breezy Point/Fort Tilden/Riis Beach,Queens,False,1,2.1,2.1,0.0,1.0,False
2023-04,28,Briarwood/Jamaica Hills,Queens,False,240,23.26,48.42,0.1375,0.7541666666666667,False
2023-04,29,Brighton Beach,Brooklyn,False,78,49.69,67.98,0.08974358974358974,0.48717948717948717,False
2023-04,30,Broad Channel,Queens,False,4,22.23,51.02,0.0,0.75,False
2023-04,31,Bronx Park,Bronx,False,25,26.17,51.27,0.08,0.72,False
2023-04,32,Bronxdale,Bronx,False,96,25.5,59.35,0.2708333333333333,0.375,False
2023-04,33,Brooklyn Heights,Brooklyn,False,1589,19.53,36.56,0.0434235368156073,0.7382001258653241,True
2023-04,34,Brooklyn Navy Yard,Brooklyn,False,46,16.06,36.01,0.043478260869565216,0.6304347826086957,False
2023-04,35,Brownsville,Brooklyn,False,233,33.53,63.29,0.2703862660944206,0.30472103004291845,False
2023-04,36,Bushwick North,Brooklyn,False,280,23.98,38.33,0.04285714285714286,0.5107142857142857,False
2023-04,37,Bushwick South,Brooklyn,False,419,25.98,47.27,0.0883054892601432,0.48448687350835323,False
2023-04,38,Cambria Heights,Queens,False,79,34.78,63.7,0.11392405063291139,0.5063291139240507,False
2023-04,39,Canarsie,Brooklyn,False,267,38.33,66.34,0.1647940074906367,0.36704119850187267,False
2023-04,40,Carroll Gardens,Brooklyn,False,401,17.0,36.87,0.13216957605985039,0.6633416458852868,False
2023-04,41,Central Harlem,Manhattan,False,7737,10.23,26.33,0.0467881607858343,0.8427038903967946,True
2023-04,42,Central Harlem North,Manhattan,False,2757,12.05,34.0,0.06565107000362713,0.7950671019223794,True
2023-04,43,Central Park,Manhattan,False,55615,11.57,25.93,0.1360244538343972,0.7466510833408253,True
2023-04,44,Charleston/Tottenville,Staten Island,False,49,45.28,69.71,0.04081632653061224,0.7551020408163265,False
2023-04,45,Chinatown,Manhattan,False,4361,15.8,34.68,0.09493235496445769,0.6509974776427425,True
2023-04,46,City Island,Bronx,False,9,44.97,53.17,0.2222222222222222,0.3333333333333333,False
2023-04,47,Claremont/Bathgate,Bronx,False,94,27.89,54.93,0.2872340425531915,0.4148936170212766,False
2023-04,48,Clinton East,Manhattan,False,88665,10.92,25.0,0.1273783341792139,0.7398071392319404,True
2023-04,49,Clinton Hill,Brooklyn,False,557,22.0,45.24,0.1490125673249551,0.5619389587073609,False
2023-04,50,Clinton West,Manhattan,False,21662,11.2,24.33,0.09440494875819408,0.7845997599482966,True
2023-04,51,Co-Op City,Bronx,False,249,34.3,62.23,0.1927710843373494,0.42570281124497994,False
2023-04,52,Cobble Hill,Brooklyn,False,652,19.48,36.48,0.08895705521472393,0.7177914110429447,False
2023-04,53,College Point,Queens,False,42,33.17,51.55,0.023809523809523808,0.6428571428571429,False
2023-04,54,Columbia Street,Brooklyn,False,59,18.07,31.98,0.13559322033898305,0.7796610169491526,False
2023-04,55,Coney Island,Brooklyn,False,122,42.89,74.61,0.04918032786885246,0.4672131147540984,False
2023-04,56,Corona,Queens,False,166,24.39,50.23,0.20481927710843373,0.5180722891566265,False
2023-04,57,Corona,Queens,False,3,17.95,22.98,0.0,1.0,False
2023-04,58,Country Club,Bronx,False,1,66.93,66.93,0.0,0.0,False
2023-04,59,Crotona Park,Bronx,False,2,31.31,52.22,0.0,0.5,False
2023-04,60,Crotona Park East,Bronx,False,53,27.45,48.79,0.3018867924528302,0.49056603773584906,False
2023-04,61,Crown Heights North,Brooklyn,False,691,25.22,49.82,0.1939218523878437,0.4703328509406657,False
2023-04,62,Crown Heights South,Brooklyn,False,184,28.36,53.58,0.17391304347826086,0.391304347826087,False
2023-04,63,Cypress Hills,Brooklyn,False,67,32.18,54.01,0.05970149253731343,0.4626865671641791,False
2023-04,64,Douglaston,Queens,False,25,22.82,62.01,0.0,0.68,False
2023-04,65,Downtown Brooklyn/MetroTech,Brooklyn,False,2019,17.0,36.47,0.05101535413571075,0.7845468053491828,True
2023-04,66,DUMBO/Vinegar Hill,Brooklyn,False,982,18.95,35.07,0.019348268839103868,0.7586558044806517,False
2023-04,67,Dyker Heights,Brooklyn,False,32,25.13,57.08,0.1875,0.5,False
2023-04,68,East Chelsea,Manhattan,False,82156,13.75,28.33,0.18333414479770194,0.6391499099274551,True
2023-04,69,East Concourse/Concourse Village,Bronx,False,168,28.22,57.49,0.2261904761904762,0.3869047619047619,False
2023-04,70,East Elmhurst,Queens,False,15647,25.72,45.0,0.020834664791972903,0.8127436569310411,True
2023-04,71,East Flatbush/Farragut,Brooklyn,False,171,30.15,53.1,0.2573099415204678,0.3216374269005848,False
2023-04,72,East Flatbush/Remsen Village,Brooklyn,False,169,29.05,57.13,0.3431952662721893,0.3076923076923077,False
2023-04,73,East Flushing,Queens,False,14,31.98,48.37,0.14285714285714285,0.42857142857142855,False
2023-04,74,East Harlem North,Manhattan,False,6796,10.46,24.83,0.058122424955856386,0.8522660388463802,True
2023-04,75,East Harlem South,Manhattan,False,18465,9.9,25.35,0.06330896290278906,0.847766043866775,True
2023-04,76,East New York,Brooklyn,False,369,31.17,57.81,0.2086720867208672,0.39295392953929537,False
2023-04,77,East New York/Pennsylvania Avenue,Brooklyn,False,93,35.93,59.74,0.23655913978494625,0.23655913978494625,False
2023-04,78,East Tremont,Bronx,False,86,25.36,51.44,0.23255813953488372,0.5116279069767442,False
2023-04,79,East Village,Manhattan,False,79476,11.3,23.68,0.06768080930092103,0.742224067643062,True
2023-04,80,East Williamsburg,Brooklyn,False,667,18.75,34.48,0.029985007496251874,0.6686656671664168,False
2023-04,81,Eastchester,Bronx,False,88,31.84,60.13,0.14772727272727273,0.42045454545454547,False
2023-04,82,Elmhurst,Queens,False,319,16.67,40.67,0.12852664576802508,0.6896551724137931,False
2023-04,83,Elmhurst/Maspeth,Queens,False,140,15.6,34.97,0.12857142857142856,0.7285714285714285,False
2023-04,84,Eltingville/Annadale/Prince's Bay,Staten Island,False,4,68.72,84.3,0.0,0.25,False
2023-04,85,Erasmus,Brooklyn,False,102,29.34,56.79,0.20588235294117646,0.29411764705882354,False
2023-04,86,Far Rockaway,Queens,False,138,52.83,76.18,0.07246376811594203,0.3188405797101449,False
2023-04,87,Financial District North,Manhattan,False,16518,16.18,32.7,0.061387577188521614,0.777939217822981,True
2023-04,88,Financial District South,Manhattan,False,8628,17.38,33.01,0.04334724153917478,0.782336578581363,True
2023-04,89,Flatbush/Ditmas Park,Brooklyn,False,341,28.42,54.12,0.22287390029325513,0.4398826979472141,False
2023-04,90,Flatiron,Manhattan,False,52663,11.05,26.0,0.1537512105273152,0.6995993391945009,True
2023-04,91,Flatlands,Brooklyn,False,171,33.68,66.8,0.25146198830409355,0.25146198830409355,False
2023-04,92,Flushing,Queens,False,158,29.06,48.58,0.15822784810126583,0.4936708860759494,False
2023-04,93,Flushing Meadows-Corona Park,Queens,False,331,19.85,42.15,0.015105740181268883,0.8882175226586103,False
2023-04,94,Fordham South,Bronx,False,48,28.98,69.03,0.20833333333333334,0.4583333333333333,False
2023-04,95,Forest Hills,Queens,False,323,20.82,47.29,0.17956656346749225,0.6006191950464397,False
2023-04,96,Forest Park/Highland Park,Queens,False,4,20.18,32.09,0.0,1.0,False
2023-04,97,Fort Greene,Brooklyn,False,1268,17.0,34.41,0.0914826498422713,0.6735015772870663,True
2023-04,98,Fresh Meadows,Queens,False,36,21.58,46.93,0.08333333333333333,0.6666666666666666,False
2023-04,99,Freshkills Park,Staten Island,False,2,29.84,53.61,0.0,0.5,False
2023-04,100,Garment District,Manhattan,False,52852,12.4,27.25,0.22510028002724589,0.6443653977143722,True
2023-04,101,Glen Oaks,Queens,False,46,25.7,52.56,0.021739130434782608,0.782608695652174,False
2023-04,102,Glendale,Queens,False,54,20.23,53.78,0.2777777777777778,0.48148148148148145,False
2023-04,106,Gowanus,Brooklyn,False,151,23.02,37.88,0.0728476821192053,0.6291390728476821,False
2023-04,107,Gramercy,Manhattan,False,69910,10.88,23.53,0.10998426548419396,0.7532112716349593,True
2023-04,108,Gravesend,Brooklyn,False,103,43.33,77.34,0.019417475728155338,0.5922330097087378,False
2023-04,109,Great Kills,Staten Island,False,5,45.43,57.57,0.4,0.2,False
2023-04,112,Greenpoint,Brooklyn,False,679,19.07,34.08,0.035346097201767304,0.6642120765832106,False
2023-04,113,Greenwich Village North,Manhattan,False,44276,11.4,26.1,0.12756346553437528,0.6936037582437438,True
2023-04,114,Greenwich Village South,Manhattan,False,42818,11.65,25.15,0.07870521743192116,0.70227474426643,True
2023-04,115,Grymes Hill/Clifton,Staten Island,False,3,0.1,25.42,0.0,0.6666666666666666,False
2023-04,116,Hamilton Heights,Manhattan,False,2223,13.9,31.4,0.03508771929824561,0.8313090418353576,True
2023-04,117,Hammels/Arverne,Queens,False,115,57.65,90.79,0.08695652173913043,0.30434782608695654,False
2023-04,118,Heartland Village/Todt Hill,Staten Island,False,4,57.08,199.72,0.0,0.5,False
2023-04,119,Highbridge,Bronx,False,143,25.37,55.02,0.20279720279720279,0.5244755244755245,False
2023-04,120,Highbridge Park,Manhattan,False,25,14.48,28.93,0.04,0.76,False
2023-04,121,Hillcrest/Pomonok,Queens,False,125,24.32,51.86,0.184,0.568,False
2023-04,122,Hollis,Queens,False,52,20.96,57.88,0.2692307692307692,0.4807692307692308,False
2023-04,123,Homecrest,Brooklyn,False,77,33.07,60.53,0.09090909090909091,0.4155844155844156,False
2023-04,124,Howard Beach,Queens,False,95,23.8,56.2,0.10526315789473684,0.6631578947368421,False
2023-04,125,Hudson Sq,Manhattan,False,16411,11.6,28.0,0.07568094570714765,0.7379806227530316,True
2023-04,126,Hunts Point,Bronx,False,51,26.05,51.12,0.2549019607843137,0.49019607843137253,False
2023-04,127,Inwood,Manhattan,False,174,17.72,50.12,0.034482758620689655,0.8045977011494253,False
2023-04,128,Inwood Hill Park,Manhattan,False,24,17.35,30.25,0.0,0.875,False
2023-04,129,Jackson Heights,Queens,False,557,15.7,39.97,0.10053859964093358,0.7630161579892281,False
2023-04,130,Jamaica,Queens,False,427,25.87,49.85,0.09836065573770492,0.6861826697892272,False
2023-04,131,Jamaica Estates,Queens,False,127,24.0,54.01,0.2440944881889764,0.5354330708661418,False
2023-04,132,JFK Airport,Queens,True,169654,41.82,66.82,0.007762858523819067,0.6109316609098518,True
2023-04,133,Kensington,Brooklyn,False,75,28.12,57.54,0.10666666666666667,0.5066666666666667,False
2023-04,134,Kew Gardens,Queens,False,278,16.39,47.13,0.11870503597122302,0.7697841726618705,False
2023-04,135,Kew Gardens Hills,Queens,False,144,21.95,52.81,0.1597222222222222,0.7083333333333334,False
2023-04,136,Kingsbridge Heights,Bronx,False,78,35.74,71.42,0.28205128205128205,0.3974358974358974,False
2023-04,137,Kips Bay,Manhattan,False,35058,10.45,23.15,0.1206571966455588,0.7786810428432883,True
2023-04,138,LaGuardia Airport,Queens,False,111176,27.03,46.18,0.006170396488450745,0.804400230265525,True
2023-04,139,Laurelton,Queens,False,94,41.83,69.8,0.1702127659574468,0.48936170212765956,False
2023-04,140,Lenox Hill East,Manhattan,False,61733,11.07,23.88,0.114363468485251,0.7951176842207571,True
2023-04,141,Lenox Hill West,Manhattan,False,77926,9.57,21.7,0.13209968431588942,0.8013884967789955,True
2023-04,142,Lincoln Square East,Manhattan,False,112833,10.38,22.57,0.07378160644492303,0.8114824563735786,True
2023-04,143,Lincoln Square West,Manhattan,False,35249,10.17,22.4,0.05685267667167863,0.853924934040682,True
2023-04,144,Little Italy/NoLiTa,Manhattan,False,28513,13.3,27.82,0.0859257180935012,0.690597271420054,True
2023-04,145,Long Island City/Hunters Point,Queens,False,1440,14.77,34.61,0.05,0.8006944444444445,True
2023-04,146,Long Island City/Queens Plaza,Queens,False,1520,12.87,30.24,0.0506578947368421,0.8085526315789474,True
2023-04,147,Longwood,Bronx,False,39,23.28,40.04,0.23076923076923078,0.5128205128205128,False
2023-04,148,Lower East Side,Manhattan,False,34897,12.67,25.88,0.05656646703154999,0.7178554030432416,True
2023-04,149,Madison,Brooklyn,False,74,29.18,54.89,0.16216216216216217,0.527027027027027,False
2023-04,150,Manhattan Beach,Brooklyn,False,25,31.65,59.96,0.2,0.52,False
2023-04,151,Manhattan Valley,Manhattan,False,26660,10.48,24.5,0.029182295573893475,0.8741935483870967,True
2023-04,152,Manhattanville,Manhattan,False,2133,11.85,25.9,0.02812939521800281,0.8504453820909517,True
2023-04,153,Marble Hill,Manhattan,False,25,35.12,52.35,0.08,0.52,False
2023-04,154,Marine Park/Floyd Bennett Field,Brooklyn,False,27,11.9,29.81,0.0,0.9259259259259259,False
2023-04,155,Marine Park/Mill Basin,Brooklyn,False,104,39.51,59.61,0.0673076923076923,0.5096153846153846,False
2023-04,156,Mariners Harbor,Staten Island,False,2,36.21,58.32,0.0,0.5,False
2023-04,157,Maspeth,Queens,False,242,19.2,40.04,0.07024793388429752,0.7851239669421488,False
2023-04,158,Meatpacking/West Village West,Manhattan,False,27963,13.3,27.75,0.10324357186281873,0.6706719593748882,True
2023-04,159,Melrose South,Bronx,False,197,19.47,51.61,0.23857868020304568,0.5126903553299492,False
2023-04,160,Middle Village,Queens,False,66,23.11,43.64,0.12121212121212122,0.6666666666666666,False
2023-04,161,Midtown Center,Manhattan,False,148264,12.42,26.05,0.22530081476285543,0.6659809528948363,True
2023-04,162,Midtown East,Manhattan,False,111418,11.83,24.53,0.1888474034716114,0.713771562943151,True
2023-04,163,Midtown North,Manhattan,False,95072,11.67,26.22,0.17935880175025243,0.7008162234937731,True
2023-04,164,Midtown South,Manhattan,False,74568,11.9,25.8,0.1783741014912563,0.6988252333440618,True
2023-04,165,Midwood,Brooklyn,False,122,32.11,58.68,0.21311475409836064,0.3524590163934426,False
2023-04,166,Morningside Heights,Manhattan,False,16151,12.35,27.72,0.023961364621385674,0.8268218686149464,True
2023-04,167,Morrisania/Melrose,Bronx,False,135,27.93,50.26,0.34814814814814815,0.2962962962962963,False
2023-04,168,Mott Haven/Port Morris,Bronx,False,302,17.11,51.83,0.152317880794702,0.6423841059602649,False
2023-04,169,Mount Hope,Bronx,False,91,28.12,48.5,0.24175824175824176,0.45054945054945056,False
2023-04,170,Murray Hill,Manhattan,False,95048,11.7,24.82,0.1872001515023988,0.7166694722666442,True
2023-04,171,Murray Hill-Queens,Queens,False,47,21.52,42.64,0.2553191489361702,0.5106382978723404,False
2023-04,173,North Corona,Queens,False,45,15.45,32.92,0.2,0.7333333333333333,False
2023-04,174,Norwood,Bronx,False,107,28.78,67.94,0.205607476635514,0.4672897196261682,False
2023-04,175,Oakland Gardens,Queens,False,71,0.22,29.63,0.09859154929577464,0.8450704225352113,False
2023-04,177,Ocean Hill,Brooklyn,False,226,26.73,52.65,0.18141592920353983,0.4026548672566372,False
2023-04,178,Ocean Parkway South,Brooklyn,False,16,14.33,38.58,0.25,0.625,False
2023-04,179,Old Astoria,Queens,False,517,13.83,35.28,0.07543520309477757,0.7485493230174082,False
2023-04,180,Ozone Park,Queens,False,61,27.85,60.33,0.08196721311475409,0.6229508196721312,False
2023-04,181,Park Slope,Brooklyn,False,1077,20.43,43.07,0.07985143918291551,0.5998142989786444,True
2023-04,182,Parkchester,Bronx,False,97,29.12,63.33,0.18556701030927836,0.4020618556701031,False
2023-04,183,Pelham Bay,Bronx,False,23,28.65,67.52,0.30434782608695654,0.43478260869565216,False
2023-04,184,Pelham Bay Park,Bronx,False,3,22.62,23.52,0.3333333333333333,0.6666666666666666,False
2023-04,185,Pelham Parkway,Bronx,False,65,20.65,48.09,0.2923076923076923,0.5230769230769231,False
2023-04,186,Penn Station/Madison Sq West,Manhattan,False,105335,14.17,29.05,0.256116200693027,0.5754497555418427,True
2023-04,188,Prospect-Lefferts Gardens,Brooklyn,False,414,29.3,53.98,0.20048309178743962,0.4106280193236715,False
2023-04,189,Prospect Heights,Brooklyn,False,378,21.66,41.27,0.04497354497354497,0.5846560846560847,False
2023-04,190,Prospect Park,Brooklyn,False,106,21.74,44.29,0.04716981132075472,0.6132075471698113,False
2023-04,191,Queens Village,Queens,False,152,33.13,58.49,0.10526315789473684,0.5986842105263158,False
2023-04,192,Queensboro Hill,Queens,False,39,21.93,47.91,0.3076923076923077,0.5128205128205128,False
2023-04,193,Queensbridge/Ravenswood,Queens,False,599,12.93,38.12,0.1636060100166945,0.7395659432387313,False
2023-04,194,Randalls Island,Manhattan,False,96,19.62,40.32,0.010416666666666666,0.8229166666666666,False
2023-04,195,Red Hook,Brooklyn,False,157,30.9,57.49,0.050955414012738856,0.5796178343949044,False
2023-04,196,Rego Park,Queens,False,199,23.43,45.27,0.1407035175879397,0.6180904522613065,False
2023-04,197,Richmond Hill,Queens,False,355,29.43,73.51,0.07605633802816901,0.6197183098591549,False
2023-04,198,Ridgewood,Queens,False,124,25.21,46.52,0.12903225806451613,0.532258064516129,False
2023-04,199,Rikers Island,Bronx,False,2,21.02,24.72,0.0,1.0,False
2023-04,200,Riverdale/North Riverdale/Fieldston,Bronx,False,55,38.77,64.1,0.01818181818181818,0.6181818181818182,False
2023-04,201,Rockaway Park,Queens,False,38,44.11,70.96,0.0,0.3684210526315789,False
2023-04,202,Roosevelt Island,Manhattan,False,131,18.88,41.07,0.061068702290076333,0.7557251908396947,False
2023-04,203,Rosedale,Queens,False,133,32.65,62.59,0.05263157894736842,0.6015037593984962,False
2023-04,204,Rossville/Woodrow,Staten Island,False,1,63.98,63.98,0.0,0.0,False
2023-04,205,Saint Albans,Queens,False,263,29.55,66.18,0.19011406844106463,0.376425855513308,False
2023-04,207,Saint Michaels Cemetery/Woodside,Queens,False,41,23.18,37.73,0.14634146341463414,0.6829268292682927,False
2023-04,208,Schuylerville/Edgewater Park,Bronx,False,72,24.73,46.2,0.18055555555555555,0.5972222222222222,False
2023-04,209,Seaport,Manhattan,False,5496,15.29,31.01,0.06914119359534207,0.7663755458515283,True
2023-04,210,Sheepshead Bay,Brooklyn,False,130,32.32,66.15,0.06153846153846154,0.6153846153846154,False
2023-04,211,SoHo,Manhattan,False,25454,12.83,28.1,0.10202718629684922,0.691796967077866,True
2023-04,212,Soundview/Bruckner,Bronx,False,59,27.62,61.83,0.3220338983050847,0.423728813559322,False
2023-04,213,Soundview/Castle Hill,Bronx,False,222,28.04,53.5,0.15765765765765766,0.49099099099099097,False
2023-04,214,South Beach/Dongan Hills,Staten Island,False,11,38.78,43.45,0.0,0.6363636363636364,False
2023-04,215,South Jamaica,Queens,False,415,34.63,58.0,0.08674698795180723,0.5855421686746988,False
2023-04,216,South Ozone Park,Queens,False,477,17.48,55.03,0.09853249475890985,0.7023060796645703,False
2023-04,217,South Williamsburg,Brooklyn,False,86,13.94,40.69,0.08139534883720931,0.686046511627907,False
2023-04,218,Springfield Gardens North,Queens,False,182,31.58,62.37,0.21428571428571427,0.37362637362637363,False
2023-04,219,Springfield Gardens South,Queens,False,249,36.18,70.76,0.04819277108433735,0.5823293172690763,False
2023-04,220,Spuyten Duyvil/Kingsbridge,Bronx,False,113,22.85,51.82,0.12389380530973451,0.584070796460177,False
2023-04,221,Stapleton,Staten Island,False,4,0.63,14.27,0.0,1.0,False
2023-04,222,Starrett City,Brooklyn,False,135,36.62,60.3,0.17037037037037037,0.2962962962962963,False
2023-04,223,Steinway,Queens,False,519,17.17,40.82,0.04431599229287091,0.7726396917148363,False
2023-04,224,Stuy Town/Peter Cooper Village,Manhattan,False,4323,11.8,24.77,0.0798056904927134,0.7802452000925283,True
2023-04,225,Stuyvesant Heights,Brooklyn,False,403,28.63,48.9,0.19106699751861042,0.3920595533498759,False
2023-04,226,Sunnyside,Queens,False,2131,16.78,37.95,0.05771938057250117,0.7282965743782261,True
2023-04,227,Sunset Park East,Brooklyn,False,50,31.53,65.97,0.06,0.4,False
2023-04,228,Sunset Park West,Brooklyn,False,208,29.02,48.38,0.07211538461538461,0.6298076923076923,False
2023-04,229,Sutton Place/Turtle Bay North,Manhattan,False,62352,10.45,21.85,0.15840710803181934,0.7624615088529638,True
2023-04,230,Times Sq/Theatre District,Manhattan,False,108335,12.77,30.48,0.1775234227165736,0.6685835602529192,True
2023-04,231,TriBeCa/Civic Center,Manhattan,False,44106,13.68,29.28,0.07754047068426065,0.7405114950346892,True
2023-04,232,Two Bridges/Seward Park,Manhattan,False,3594,14.35,27.75,0.0562047857540345,0.728158041179744,True
2023-04,233,UN/Turtle Bay South,Manhattan,False,39795,11.93,25.08,0.1769317753486619,0.7373036813670059,True
2023-04,234,Union Sq,Manhattan,False,88033,11.48,24.97,0.1568502720570695,0.6947735508275306,True
2023-04,235,University Heights/Morris Heights,Bronx,False,158,33.56,66.93,0.2088607594936709,0.4620253164556962,False
2023-04,236,Upper East Side North,Manhattan,False,137609,9.78,23.28,0.11361902201164167,0.7981091353036502,True
2023-04,237,Upper East Side South,Manhattan,False,153086,9.42,21.93,0.1700155468168219,0.7631788667807637,True
2023-04,238,Upper West Side North,Manhattan,False,63929,10.03,23.4,0.0326925182624474,0.8736410705626555,True
2023-04,239,Upper West Side South,Manhattan,False,92644,10.1,23.58,0.043726523034411297,0.8551768058373991,True
2023-04,240,Van Cortlandt Park,Bronx,False,10,17.29,40.72,0.0,0.7,False
2023-04,241,Van Cortlandt Village,Bronx,False,93,27.27,57.63,0.21505376344086022,0.46236559139784944,False
2023-04,242,Van Nest/Morris Park,Bronx,False,154,23.87,49.98,0.3051948051948052,0.37012987012987014,False
2023-04,243,Washington Heights North,Manhattan,False,480,18.33,38.4,0.05625,0.7958333333333333,False
2023-04,244,Washington Heights South,Manhattan,False,1919,16.0,35.0,0.04689942678478374,0.8379364252214695,True
2023-04,245,West Brighton,Staten Island,False,3,21.27,43.12,0.0,1.0,False
2023-04,246,West Chelsea/Hudson Yards,Manhattan,False,53920,13.32,25.62,0.16407640949554897,0.6843100890207715,True
2023-04,247,West Concourse,Bronx,False,303,21.0,44.95,0.18151815181518152,0.5874587458745875,False
2023-04,248,West Farms/Bronx River,Bronx,False,54,22.76,48.35,0.2222222222222222,0.6296296296296297,False
2023-04,249,West Village,Manhattan,False,71573,11.65,25.35,0.10524918614561357,0.6810529110139298,True
2023-04,250,Westchester Village/Unionport,Bronx,False,78,31.33,59.09,0.23076923076923078,0.38461538461538464,False
2023-04,251,Westerleigh,Staten Island,False,1,0.13,0.13,0.0,1.0,False
2023-04,252,Whitestone,Queens,False,34,24.77,50.81,0.08823529411764706,0.5882352941176471,False
2023-04,253,Willets Point,Queens,False,5,25.5,42.5,0.0,1.0,False
2023-04,254,Williamsbridge/Olinville,Bronx,False,162,33.25,62.64,0.18518518518518517,0.4567901234567901,False
2023-04,255,Williamsburg (North Side),Brooklyn,False,1580,19.27,33.0,0.04177215189873418,0.5968354430379746,True
2023-04,256,Williamsburg (South Side),Brooklyn,False,1229,18.0,33.09,0.043124491456468676,0.6436126932465419,True
2023-04,257,Windsor Terrace,Brooklyn,False,91,23.0,42.9,0.12087912087912088,0.6043956043956044,False
2023-04,258,Woodhaven,Queens,False,78,21.51,53.46,0.2692307692307692,0.5128205128205128,False
2023-04,259,Woodlawn/Wakefield,Bronx,False,79,35.05,59.9,0.08860759493670886,0.5569620253164557,False
2023-04,260,Woodside,Queens,False,544,15.6,40.4,0.06801470588235294,0.7794117647058824,False
2023-04,261,World Trade Center,Manhattan,False,16648,18.0,34.85,0.07027871215761652,0.7064512253724171,True
2023-04,262,Yorkville East,Manhattan,False,43441,10.17,21.85,0.0539122027577634,0.8721023917497295,True
2023-04,263,Yorkville West,Manhattan,False,63183,9.05,22.0,0.0635930550939335,0.8702815630786762,True
2023-04,264,,Unknown,False,31090,12.33,33.12,0.12087487938243809,0.7337407526535864,True
2023-04,265,Outside of NYC,,False,949,14.0,60.4,0.14014752370916755,0.6691253951527925,False
2023-05,1,Newark Airport,EWR,True,116,0.41,46.65,0.14655172413793102,0.8879310344827587,False
2023-05,2,Jamaica Bay,Queens,False,1,18.7,18.7,0.0,1.0,False
2023-05,3,Allerton/Pelham Gardens,Bronx,False,47,39.67,75.95,0.23404255319148937,0.3191489361702128,False
2023-05,4,Alphabet City,Manhattan,False,4196,13.42,26.97,0.06029551954242136,0.6808865586272641,True
2023-05,5,Arden Heights,Staten Island,False,47,69.37,101.56,0.0425531914893617,0.1276595744680851,False
2023-05,6,Arrochar/Fort Wadsworth,Staten Island,False,49,0.32,0.39,0.0,0.9795918367346939,False
2023-05,7,Astoria,Queens,False,1682,14.4,34.38,0.06896551724137931,0.7348394768133175,True
2023-05,8,Astoria Park,Queens,False,14,25.67,41.11,0.0,0.5714285714285714,False
2023-05,9,Auburndale,Queens,False,59,23.73,63.32,0.15254237288135594,0.4406779661016949,False
2023-05,10,Baisley Park,Queens,False,926,45.55,74.92,0.058315334773218146,0.48272138228941686,False
2023-05,11,Bath Beach,Brooklyn,False,38,44.95,82.15,0.13157894736842105,0.34210526315789475,False
2023-05,12,Battery Park,Manhattan,False,1511,19.63,37.2,0.07015221707478492,0.7068166776968895,True
2023-05,13,Battery Park City,Manhattan,False,20930,16.95,33.27,0.04610606784519828,0.7738174868609651,True
2023-05,14,Bay Ridge,Brooklyn,False,239,33.0,62.82,0.058577405857740586,0.5983263598326359,False
2023-05,15,Bay Terrace/Fort Totten,Queens,False,31,32.42,53.1,0.12903225806451613,0.6451612903225806,False
2023-05,16,Bayside,Queens,False,41,27.65,54.25,0.14634146341463414,0.5853658536585366,False
2023-05,17,Bedford,Brooklyn,False,460,24.48,48.34,0.14782608695652175,0.49782608695652175,False
2023-05,18,Bedford Park,Bronx,False,101,37.17,65.38,0.25742574257425743,0.3564356435643564,False
2023-05,19,Bellerose,Queens,False,71,29.28,66.12,0.09859154929577464,0.5915492957746479,False
2023-05,20,Belmont,Bronx,False,53,36.03,58.95,0.3018867924528302,0.22641509433962265,False
2023-05,21,Bensonhurst East,Brooklyn,False,80,35.19,61.55,0.175,0.4,False
2023-05,22,Bensonhurst West,Brooklyn,False,57,37.98,69.21,0.17543859649122806,0.45614035087719296,False
2023-05,23,Bloomfield/Emerson Hill,Staten Island,False,73,63.47,94.31,0.0273972602739726,0.3972602739726027,False
2023-05,24,Bloomingdale,Manhattan,False,9466,12.0,27.93,0.03634058736530742,0.8054088316078597,True
2023-05,25,Boerum Hill,Brooklyn,False,1544,17.89,42.0,0.0977979274611399,0.6386010362694301,True
2023-05,26,Borough Park,Brooklyn,False,98,33.74,64.24,0.29591836734693877,0.41836734693877553,False
2023-05,27,Breezy Point/Fort Tilden/Riis Beach,Queens,False,2,56.57,70.65,0.0,0.5,False
2023-05,28,Briarwood/Jamaica Hills,Queens,False,252,26.55,56.8,0.19047619047619047,0.623015873015873,False
2023-05,29,Brighton Beach,Brooklyn,False,86,47.08,77.31,0.12790697674418605,0.38372093023255816,False
2023-05,30,Broad Channel,Queens,False,2,42.33,69.77,0.0,0.5,False
2023-05,31,Bronx Park,Bronx,False,24,32.25,53.25,0.125,0.4166666666666667,False
2023-05,32,Bronxdale,Bronx,False,86,31.85,77.44,0.2558139534883721,0.3953488372093023,False
2023-05,33,Brooklyn Heights,Brooklyn,False,2032,20.55,38.95,0.045275590551181105,0.7135826771653543,True
2023-05,34,Brooklyn Navy Yard,Brooklyn,False,92,19.39,32.06,0.043478260869565216,0.7717391304347826,False
2023-05,35,Brownsville,Brooklyn,False,221,34.42,67.13,0.2986425339366516,0.2398190045248869,False
2023-05,36,Bushwick North,Brooklyn,False,319,23.9,39.88,0.03761755485893417,0.49216300940438873,False
2023-05,37,Bushwick South,Brooklyn,False,440,27.07,47.03,0.07727272727272727,0.45681818181818185,False
2023-05,38,Cambria Heights,Queens,False,83,38.23,69.06,0.13253012048192772,0.30120481927710846,False
2023-05,39,Canarsie,Brooklyn,False,244,42.95,81.32,0.20901639344262296,0.2540983606557377,False
2023-05,40,Carroll Gardens,Brooklyn,False,445,17.18,39.25,0.1258426966292135,0.6314606741573033,False
2023-05,41,Central Harlem,Manhattan,False,8400,10.78,27.82,0.052976190476190475,0.8142857142857143,True
2023-05,42,Central Harlem North,Manhattan,False,2876,12.88,34.68,0.08240611961057023,0.7593880389429764,True
2023-05,43,Central Park,Manhattan,False,59599,12.13,27.03,0.17587543415157972,0.6937700296984849,True
2023-05,44,Charleston/Tottenville,Staten Island,False,22,46.59,74.2,0.09090909090909091,0.6818181818181818,False
2023-05,45,Chinatown,Manhattan,False,4863,16.02,35.6,0.11967921036397286,0.6265679621632737,True
2023-05,46,City Island,Bronx,False,13,33.12,55.11,0.0,0.46153846153846156,False
2023-05,47,Claremont/Bathgate,Bronx,False,123,22.82,55.53,0.2764227642276423,0.44715447154471544,False
2023-05,48,Clinton East,Manhattan,False,89585,11.52,26.81,0.14621867500139532,0.6982753809231456,True
2023-05,49,Clinton Hill,Brooklyn,False,578,24.27,49.9,0.11418685121107267,0.5155709342560554,False
2023-05,50,Clinton West,Manhattan,False,22916,11.75,25.64,0.11633792983068598,0.742232501309129,True
2023-05,51,Co-Op City,Bronx,False,278,37.51,68.66,0.16906474820143885,0.38848920863309355,False
2023-05,52,Cobble Hill,Brooklyn,False,748,18.19,35.99,0.1443850267379679,0.6724598930481284,False
2023-05,53,College Point,Queens,False,51,29.5,50.18,0.0196078431372549,0.7450980392156863,False
2023-05,54,Columbia Street,Brooklyn,False,66,19.06,31.38,0.06060606060606061,0.7424242424242424,False
2023-05,55,Coney Island,Brooklyn,False,172,50.03,84.4,0.06976744186046512,0.3430232558139535,False
2023-05,56,Corona,Queens,False,145,27.02,54.42,0.15862068965517243,0.496551724137931,False
2023-05,57,Corona,Queens,False,9,23.65,51.23,0.1111111111111111,0.6666666666666666,False
2023-05,58,Country Club,Bronx,False,4,16.6,21.98,0.0,1.0,False
2023-05,59,Crotona Park,Bronx,False,3,13.9,17.66,0.0,0.6666666666666666,False
2023-05,60,Crotona Park East,Bronx,False,41,21.4,41.48,0.43902439024390244,0.43902439024390244,False
2023-05,61,Crown Heights North,Brooklyn,False,742,28.24,52.65,0.18867924528301888,0.4339622641509434,False
2023-05,62,Crown Heights South,Brooklyn,False,193,31.43,59.47,0.14507772020725387,0.45595854922279794,False
2023-05,63,Cypress Hills,Brooklyn,False,64,34.92,70.55,0.21875,0.359375,False
2023-05,64,Douglaston,Queens,False,17,31.52,68.28,0.0,0.7647058823529411,False
2023-05,65,Downtown Brooklyn/MetroTech,Brooklyn,False,2447,16.97,38.6,0.05639558643236616,0.7523498161013485,True
2023-05,66,DUMBO/Vinegar Hill,Brooklyn,False,1286,19.66,37.51,0.05132192846034215,0.6889580093312597,True
2023-05,67,Dyker Heights,Brooklyn,False,60,32.53,61.29,0.08333333333333333,0.6333333333333333,False
2023-05,68,East Chelsea,Manhattan,False,84595,13.97,29.4,0.18443170400141853,0.6196229091553874,True
2023-05,69,East Concourse/Concourse Village,Bronx,False,188,28.82,54.59,0.22340425531914893,0.425531914893617,False
2023-05,70,East Elmhurst,Queens,False,15337,28.47,51.28,0.027123948620981938,0.7258916346091152,True
2023-05,71,East Flatbush/Farragut,Brooklyn,False,159,32.9,58.61,0.23270440251572327,0.3018867924528302,False
2023-05,72,East Flatbush/Remsen Village,Brooklyn,False,178,30.37,64.67,0.3089887640449438,0.24157303370786518,False
2023-05,73,East Flushing,Queens,False,25,32.9,71.08,0.16,0.4,False
2023-05,74,East Harlem North,Manhattan,False,7474,10.9,25.82,0.06877174203906877,0.8334225314423335,True
2023-05,75,East Harlem South,Manhattan,False,20384,10.69,27.48,0.0842817896389325,0.8051412872841445,True
2023-05,76,East New York,Brooklyn,False,373,35.7,72.76,0.22788203753351208,0.2975871313672922,False
2023-05,77,East New York/Pennsylvania Avenue,Brooklyn,False,101,36.8,63.83,0.21782178217821782,0.26732673267326734,False
2023-05,78,East Tremont,Bronx,False,112,24.47,56.96,0.19642857142857142,0.44642857142857145,False
2023-05,79,East Village,Manhattan,False,79742,11.6,24.83,0.07217024905319656,0.7323242456923579,True
2023-05,80,East Williamsburg,Brooklyn,False,814,19.53,34.43,0.030712530712530713,0.6818181818181818,False
2023-05,81,Eastchester,Bronx,False,101,34.45,66.48,0.16831683168316833,0.38613861386138615,False
2023-05,82,Elmhurst,Queens,False,350,19.96,48.07,0.16285714285714287,0.5914285714285714,False
2023-05,83,Elmhurst/Maspeth,Queens,False,131,18.97,47.87,0.1297709923664122,0.6030534351145038,False
2023-05,84,Eltingville/Annadale/Prince's Bay,Staten Island,False,2,64.77,76.7,0.0,0.5,False
2023-05,85,Erasmus,Brooklyn,False,114,33.0,60.91,0.17543859649122806,0.3684210526315789,False
2023-05,86,Far Rockaway,Queens,False,159,60.2,96.31,0.08176100628930817,0.22641509433962265,False
2023-05,87,Financial District North,Manhattan,False,19517,17.05,34.22,0.06691602192959983,0.7430957626684429,True
2023-05,88,Financial District South,Manhattan,False,9814,18.05,35.56,0.0503362543305482,0.7368045649072753,True
2023-05,89,Flatbush/Ditmas Park,Brooklyn,False,369,29.42,59.12,0.25203252032520324,0.43360433604336046,False
2023-05,90,Flatiron,Manhattan,False,54361,11.42,27.17,0.18474641746840567,0.6618347712514486,True
2023-05,91,Flatlands,Brooklyn,False,186,40.3,77.08,0.22580645161290322,0.21505376344086022,False
2023-05,92,Flushing,Queens,False,209,28.48,52.83,0.12440191387559808,0.5119617224880383,False
2023-05,93,Flushing Meadows-Corona Park,Queens,False,352,27.06,54.23,0.022727272727272728,0.6960227272727273,False
2023-05,94,Fordham South,Bronx,False,49,18.02,60.1,0.08163265306122448,0.6530612244897959,False
2023-05,95,Forest Hills,Queens,False,397,20.35,44.89,0.19395465994962216,0.5591939546599496,False
2023-05,96,Forest Park/Highland Park,Queens,False,8,20.84,48.1,0.0,0.75,False
2023-05,97,Fort Greene,Brooklyn,False,1420,17.62,38.96,0.10985915492957747,0.6408450704225352,True
2023-05,98,Fresh Meadows,Queens,False,59,17.13,51.61,0.11864406779661017,0.576271186440678,False
2023-05,100,Garment District,Manhattan,False,55261,12.8,28.87,0.24959736523045187,0.5978719169034219,True
2023-05,101,Glen Oaks,Queens,False,48,30.61,64.69,0.08333333333333333,0.6666666666666666,False
2023-05,102,Glendale,Queens,False,55,17.95,45.36,0.2727272727272727,0.4727272727272727,False
2023-05,105,Governor's Island/Ellis Island/Liberty Island,Manhattan,False,3,11.95,35.04,0.0,0.6666666666666666,False
2023-05,106,Gowanus,Brooklyn,False,186,24.68,48.79,0.08602150537634409,0.543010752688172,False
2023-05,107,Gramercy,Manhattan,False,72926,11.08,25.12,0.13308010860324165,0.7245426871074788,True
2023-05,108,Gravesend,Brooklyn,False,120,48.46,89.31,0.075,0.35833333333333334,False
2023-05,109,Great Kills,Staten Island,False,4,81.88,88.92,0.0,0.25,False
2023-05,111,Green-Wood Cemetery,Brooklyn,False,2,12.58,22.57,0.0,1.0,False
2023-05,112,Greenpoint,Brooklyn,False,700,18.97,33.01,0.025714285714285714,0.6757142857142857,False
2023-05,113,Greenwich Village North,Manhattan,False,46569,11.57,27.4,0.13317872404389186,0.670102428654255,True
2023-05,114,Greenwich Village South,Manhattan,False,44080,11.85,26.28,0.08579854809437387,0.6838929219600726,True
2023-05,115,Grymes Hill/Clifton,Staten Island,False,1,17.68,17.68,0.0,1.0,False
2023-05,116,Hamilton Heights,Manhattan,False,2453,13.92,31.85,0.03872808805544232,0.8169588259274357,True
2023-05,117,Hammels/Arverne,Queens,False,155,57.05,92.34,0.07096774193548387,0.24516129032258063,False
2023-05,118,Heartland Village/Todt Hill,Staten Island,False,7,16.15,74.5,0.2857142857142857,0.7142857142857143,False
2023-05,119,Highbridge,Bronx,False,141,20.88,49.62,0.19148936170212766,0.524822695035461,False
2023-05,120,Highbridge Park,Manhattan,False,21,18.07,44.0,0.09523809523809523,0.8571428571428571,False
2023-05,121,Hillcrest/Pomonok,Queens,False,145,26.28,58.55,0.1793103448275862,0.496551724137931,False
2023-05,122,Hollis,Queens,False,60,32.75,65.12,0.18333333333333332,0.4666666666666667,False
2023-05,123,Homecrest,Brooklyn,False,81,40.28,69.28,0.2716049382716049,0.2962962962962963,False
2023-05,124,Howard Beach,Queens,False,78,30.42,76.54,0.14102564102564102,0.48717948717948717,False
2023-05,125,Hudson Sq,Manhattan,False,17064,12.03,29.0,0.07753164556962025,0.7143694327238631,True
2023-05,126,Hunts Point,Bronx,False,47,32.18,60.81,0.1702127659574468,0.40425531914893614,False
2023-05,127,Inwood,Manhattan,False,188,17.52,42.54,0.05851063829787234,0.824468085106383,False
2023-05,128,Inwood Hill Park,Manhattan,False,25,19.33,51.48,0.0,0.8,False
2023-05,129,Jackson Heights,Queens,False,552,16.63,45.18,0.1358695652173913,0.6811594202898551,False
2023-05,130,Jamaica,Queens,False,440,31.83,61.2,0.175,0.5431818181818182,False
2023-05,131,Jamaica Estates,Queens,False,159,25.05,55.94,0.24528301886792453,0.5157232704402516,False
2023-05,132,JFK Airport,Queens,True,173960,42.79,71.48,0.00806507243044378,0.564595309266498,True
2023-05,133,Kensington,Brooklyn,False,118,19.73,46.24,0.11864406779661017,0.652542372881356,False
2023-05,134,Kew Gardens,Queens,False,326,14.47,44.35,0.0950920245398773,0.8006134969325154,False
2023-05,135,Kew Gardens Hills,Queens,False,152,17.84,49.82,0.20394736842105263,0.5592105263157895,False
2023-05,136,Kingsbridge Heights,Bronx,False,113,35.0,54.46,0.168141592920354,0.3805309734513274,False
2023-05,137,Kips Bay,Manhattan,False,36397,11.0,25.25,0.1506442838695497,0.7368464433881914,True
2023-05,138,LaGuardia Airport,Queens,False,131205,30.3,52.07,0.006051598643344385,0.7033268549216874,True
2023-05,139,Laurelton,Queens,False,99,41.65,77.02,0.10101010101010101,0.40404040404040403,False
2023-05,140,Lenox Hill East,Manhattan,False,68073,11.82,25.67,0.1539670647687042,0.7408664228108061,True
2023-05,141,Lenox Hill West,Manhattan,False,80331,10.15,23.43,0.17639516500479266,0.7442581319789372,True
2023-05,142,Lincoln Square East,Manhattan,False,121616,11.2,24.23,0.11153137745033548,0.7490050651230101,True
2023-05,143,Lincoln Square West,Manhattan,False,39126,11.0,24.13,0.08579972396871645,0.7956601748198129,True
2023-05,144,Little Italy/NoLiTa,Manhattan,False,29837,13.43,29.31,0.10470221537017797,0.6630693434326508,True
2023-05,145,Long Island City/Hunters Point,Queens,False,1563,15.98,38.71,0.06589891234804862,0.7415227127319258,True
2023-05,146,Long Island City/Queens Plaza,Queens,False,1674,13.52,30.84,0.06750298685782556,0.7729988052568698,True
2023-05,147,Longwood,Bronx,False,45,24.77,43.25,0.28888888888888886,0.3333333333333333,False
2023-05,148,Lower East Side,Manhattan,False,35364,12.97,26.87,0.05975002827734419,0.7020416242506504,True
2023-05,149,Madison,Brooklyn,False,78,36.35,74.59,0.11538461538461539,0.5512820512820513,False
2023-05,150,Manhattan Beach,Brooklyn,False,32,46.85,69.39,0.0,0.4375,False
2023-05,151,Manhattan Valley,Manhattan,False,29072,11.1,26.52,0.040141717116125485,0.8311433681893231,True
2023-05,152,Manhattanville,Manhattan,False,2239,12.85,28.68,0.05046895935685574,0.8182224207235373,True
2023-05,153,Marble Hill,Manhattan,False,23,25.42,53.54,0.043478260869565216,0.6521739130434783,False
2023-05,154,Marine Park/Floyd Bennett Field,Brooklyn,False,16,41.22,103.24,0.125,0.4375,False
2023-05,155,Marine Park/Mill Basin,Brooklyn,False,62,38.63,75.62,0.14516129032258066,0.41935483870967744,False
2023-05,156,Mariners Harbor,Staten Island,False,1,36.12,36.12,0.0,1.0,False
2023-05,157,Maspeth,Queens,False,221,21.3,42.32,0.06787330316742081,0.7375565610859729,False
2023-05,158,Meatpacking/West Village West,Manhattan,False,30234,13.47,28.43,0.10276509889528346,0.6589601111331613,True
2023-05,159,Melrose South,Bronx,False,172,21.87,48.81,0.313953488372093,0.4127906976744186,False
2023-05,160,Middle Village,Queens,False,83,25.15,40.85,0.21686746987951808,0.5542168674698795,False
2023-05,161,Midtown Center,Manhattan,False,160531,13.08,27.78,0.26518865515071854,0.6042384336981642,True
2023-05,162,Midtown East,Manhattan,False,120690,12.48,26.2,0.2313944817300522,0.6578921203082277,True
2023-05,163,Midtown North,Manhattan,False,103302,12.38,28.1,0.2250682465005518,0.6361638690441618,True
2023-05,164,Midtown South,Manhattan,False,79100,12.48,27.8,0.22268015170670039,0.6394943109987358,True
2023-05,165,Midwood,Brooklyn,False,124,37.19,68.91,0.2661290322580645,0.24193548387096775,False
2023-05,166,Morningside Heights,Manhattan,False,17276,12.93,30.91,0.03797175272053716,0.7756425098402407,True
2023-05,167,Morrisania/Melrose,Bronx,False,134,30.31,55.63,0.29850746268656714,0.3208955223880597,False
2023-05,168,Mott Haven/Port Morris,Bronx,False,310,18.29,43.75,0.15161290322580645,0.635483870967742,False
2023-05,169,Mount Hope,Bronx,False,121,25.53,51.8,0.2396694214876033,0.5619834710743802,False
2023-05,170,Murray Hill,Manhattan,False,103027,12.4,26.82,0.2274549389965737,0.6623312335601347,True
2023-05,171,Murray Hill-Queens,Queens,False,46,25.97,64.05,0.2391304347826087,0.45652173913043476,False
2023-05,172,New Dorp/Midland Beach,Staten Island,False,1,20.23,20.23,0.0,1.0,False
2023-05,173,North Corona,Queens,False,59,17.15,43.05,0.2033898305084746,0.576271186440678,False
2023-05,174,Norwood,Bronx,False,107,31.17,60.21,0.24299065420560748,0.4766355140186916,False
2023-05,175,Oakland Gardens,Queens,False,32,12.38,44.3,0.15625,0.65625,False
2023-05,176,Oakwood,Staten Island,False,1,0.07,0.07,0.0,1.0,False
2023-05,177,Ocean Hill,Brooklyn,False,237,32.58,54.51,0.16455696202531644,0.35443037974683544,False
2023-05,178,Ocean Parkway South,Brooklyn,False,10,32.56,142.32,0.2,0.5,False
2023-05,179,Old Astoria,Queens,False,643,15.45,37.01,0.12130637636080871,0.7045101088646968,False
2023-05,180,Ozone Park,Queens,False,55,23.53,58.37,0.09090909090909091,0.5454545454545454,False
2023-05,181,Park Slope,Brooklyn,False,1095,19.82,45.15,0.1132420091324201,0.5707762557077626,True
2023-05,182,Parkchester,Bronx,False,106,32.31,64.18,0.25471698113207547,0.330188679245283,False
2023-05,183,Pelham Bay,Bronx,False,16,23.63,42.37,0.3125,0.4375,False
2023-05,184,Pelham Bay Park,Bronx,False,3,9.23,40.14,0.3333333333333333,1.0,False
2023-05,185,Pelham Parkway,Bronx,False,56,25.02,49.09,0.3392857142857143,0.44642857142857145,False
2023-05,186,Penn Station/Madison Sq West,Manhattan,False,111763,14.45,30.23,0.2742320803843848,0.5459499118670759,True
2023-05,187,Port Richmond,Staten Island,False,2,15.39,16.07,0.0,1.0,False
2023-05,188,Prospect-Lefferts Gardens,Brooklyn,False,408,28.42,56.9,0.22303921568627452,0.42401960784313725,False
2023-05,189,Prospect Heights,Brooklyn,False,374,22.0,49.69,0.0855614973262032,0.5454545454545454,False
2023-05,190,Prospect Park,Brooklyn,False,64,22.43,43.59,0.078125,0.578125,False
2023-05,191,Queens Village,Queens,False,164,34.41,71.03,0.1402439024390244,0.4878048780487805,False
2023-05,192,Queensboro Hill,Queens,False,45,24.57,46.03,0.06666666666666667,0.5777777777777777,False
2023-05,193,Queensbridge/Ravenswood,Queens,False,598,14.92,38.77,0.14214046822742474,0.7240802675585284,False
2023-05,194,Randalls Island,Manhattan,False,131,19.35,47.42,0.030534351145038167,0.732824427480916,False
2023-05,195,Red Hook,Brooklyn,False,400,31.92,53.61,0.0375,0.595,False
2023-05,196,Rego Park,Queens,False,183,24.4,51.14,0.14754098360655737,0.5683060109289617,False
2023-05,197,Richmond Hill,Queens,False,402,27.21,74.64,0.1044776119402985,0.5746268656716418,False
2023-05,198,Ridgewood,Queens,False,98,24.96,44.55,0.10204081632653061,0.5,False
2023-05,199,Rikers Island,Bronx,False,1,47.57,47.57,0.0,1.0,False
2023-05,200,Riverdale/North Riverdale/Fieldston,Bronx,False,67,36.28,67.43,0.11940298507462686,0.6119402985074627,False
2023-05,201,Rockaway Park,Queens,False,39,47.1,76.19,0.10256410256410256,0.23076923076923078,False
2023-05,202,Roosevelt Island,Manhattan,False,137,20.0,46.53,0.021897810218978103,0.6642335766423357,False
2023-05,203,Rosedale,Queens,False,135,35.37,79.57,0.08148148148148149,0.4666666666666667,False
2023-05,204,Rossville/Woodrow,Staten Island,False,1,9.97,9.97,0.0,1.0,False
2023-05,205,Saint Albans,Queens,False,279,33.75,66.63,0.17204301075268819,0.3835125448028674,False
2023-05,206,Saint George/New Brighton,Staten Island,False,1,63.83,63.83,0.0,0.0,False
2023-05,207,Saint Michaels Cemetery/Woodside,Queens,False,50,16.51,51.87,0.16,0.66,False
2023-05,208,Schuylerville/Edgewater Park,Bronx,False,70,25.94,55.28,0.22857142857142856,0.5571428571428572,False
2023-05,209,Seaport,Manhattan,False,6390,15.9,33.25,0.07809076682316118,0.737245696400626,True
2023-05,210,Sheepshead Bay,Brooklyn,False,125,32.8,77.91,0.128,0.52,False
2023-05,211,SoHo,Manhattan,False,26278,13.28,29.87,0.11774107618540224,0.6537407717482304,True
2023-05,212,Soundview/Bruckner,Bronx,False,68,27.66,59.35,0.17647058823529413,0.4852941176470588,False
2023-05,213,Soundview/Castle Hill,Bronx,False,233,31.57,61.92,0.16738197424892703,0.44206008583690987,False
2023-05,214,South Beach/Dongan Hills,Staten Island,False,19,43.45,55.66,0.0,0.47368421052631576,False
2023-05,215,South Jamaica,Queens,False,438,38.12,64.04,0.1278538812785388,0.5159817351598174,False
2023-05,216,South Ozone Park,Queens,False,534,15.4,63.09,0.08239700374531835,0.6966292134831461,False
2023-05,217,South Williamsburg,Brooklyn,False,104,18.45,50.25,0.125,0.6346153846153846,False
2023-05,218,Springfield Gardens North,Queens,False,250,34.2,62.82,0.24,0.348,False
2023-05,219,Springfield Gardens South,Queens,False,259,42.92,71.68,0.0694980694980695,0.5173745173745173,False
2023-05,220,Spuyten Duyvil/Kingsbridge,Bronx,False,142,24.5,51.87,0.056338028169014086,0.6901408450704225,False
2023-05,221,Stapleton,Staten Island,False,3,6.27,10.2,0.0,1.0,False
2023-05,222,Starrett City,Brooklyn,False,100,43.88,81.28,0.19,0.26,False
2023-05,223,Steinway,Queens,False,609,17.33,43.75,0.06403940886699508,0.7553366174055829,False
2023-05,224,Stuy Town/Peter Cooper Village,Manhattan,False,4427,12.12,26.33,0.1000677659814773,0.7549130336571042,True
2023-05,225,Stuyvesant Heights,Brooklyn,False,401,31.42,55.75,0.20947630922693267,0.34663341645885287,False
2023-05,226,Sunnyside,Queens,False,2189,18.57,42.04,0.08816811329374144,0.6633165829145728,True
2023-05,227,Sunset Park East,Brooklyn,False,61,31.6,69.28,0.08196721311475409,0.47540983606557374,False
2023-05,228,Sunset Park West,Brooklyn,False,259,29.47,62.67,0.06177606177606178,0.5135135135135135,False
2023-05,229,Sutton Place/Turtle Bay North,Manhattan,False,65298,11.17,23.75,0.21345217311403106,0.6965756991025759,True
2023-05,230,Times Sq/Theatre District,Manhattan,False,110814,13.58,33.0,0.20825888425650188,0.6132618622195751,True
2023-05,231,TriBeCa/Civic Center,Manhattan,False,48181,14.35,30.97,0.09628276706585584,0.6967061704821402,True
2023-05,232,Two Bridges/Seward Park,Manhattan,False,3731,14.9,30.62,0.0648619673009917,0.7000804073974806,True
2023-05,233,UN/Turtle Bay South,Manhattan,False,43512,12.48,26.67,0.21125206839492552,0.6908209229637801,True
2023-05,234,Union Sq,Manhattan,False,93590,11.92,26.6,0.18929372796238914,0.6503686291270435,True
2023-05,235,University Heights/Morris Heights,Bronx,False,169,33.83,64.66,0.1301775147928994,0.44970414201183434,False
2023-05,236,Upper East Side North,Manhattan,False,151746,10.48,24.78,0.16622513937764422,0.734740948690575,True
2023-05,237,Upper East Side South,Manhattan,False,173080,10.22,23.52,0.2405188352207072,0.683117633464294,True
2023-05,238,Upper West Side North,Manhattan,False,68480,10.53,24.88,0.04836448598130841,0.8353971962616823,True
2023-05,239,Upper West Side South,Manhattan,False,98567,10.58,25.07,0.06528554181419745,0.8112958698144409,True
2023-05,240,Van Cortlandt Park,Bronx,False,11,40.4,65.65,0.0,0.5454545454545454,False
2023-05,241,Van Cortlandt Village,Bronx,False,126,27.37,66.71,0.1746031746031746,0.4365079365079365,False
2023-05,242,Van Nest/Morris Park,Bronx,False,195,28.05,65.4,0.3076923076923077,0.3384615384615385,False
2023-05,243,Washington Heights North,Manhattan,False,526,19.63,42.07,0.04182509505703422,0.8022813688212928,False
2023-05,244,Washington Heights South,Manhattan,False,2134,16.48,38.61,0.041237113402061855,0.8031865042174321,True
2023-05,245,West Brighton,Staten Island,False,1,32.18,32.18,0.0,1.0,False
2023-05,246,West Chelsea/Hudson Yards,Manhattan,False,57318,13.67,26.9,0.1575072403084546,0.6689696081510171,True
2023-05,247,West Concourse,Bronx,False,347,23.82,49.12,0.1440922190201729,0.547550432276657,False
2023-05,248,West Farms/Bronx River,Bronx,False,71,27.35,55.55,0.2112676056338028,0.38028169014084506,False
2023-05,249,West Village,Manhattan,False,73804,11.72,25.93,0.10197279280255812,0.6795024659910032,True
2023-05,250,Westchester Village/Unionport,Bronx,False,60,26.7,63.85,0.3,0.43333333333333335,False
2023-05,251,Westerleigh,Staten Island,False,5,56.77,89.37,0.0,0.4,False
2023-05,252,Whitestone,Queens,False,42,27.98,52.75,0.11904761904761904,0.6190476190476191,False
2023-05,253,Willets Point,Queens,False,11,13.82,61.93,0.0,0.6363636363636364,False
2023-05,254,Williamsbridge/Olinville,Bronx,False,176,30.4,59.69,0.17045454545454544,0.4375,False
2023-05,255,Williamsburg (North Side),Brooklyn,False,1537,19.25,34.54,0.04098893949251789,0.590110605074821,True
2023-05,256,Williamsburg (South Side),Brooklyn,False,1249,18.37,35.68,0.055244195356285025,0.6092874299439551,True
2023-05,257,Windsor Terrace,Brooklyn,False,80,18.6,52.6,0.075,0.725,False
2023-05,258,Woodhaven,Queens,False,87,23.4,51.77,0.12643678160919541,0.47126436781609193,False
2023-05,259,Woodlawn/Wakefield,Bronx,False,91,38.62,66.5,0.14285714285714285,0.4835164835164835,False
2023-05,260,Woodside,Queens,False,561,13.67,45.67,0.11764705882352941,0.7040998217468806,False
2023-05,261,World Trade Center,Manhattan,False,17308,18.93,37.68,0.09221169401432863,0.6551883522070718,True
2023-05,262,Yorkville East,Manhattan,False,47191,10.78,23.4,0.0757559704180882,0.8282299591023712,True
2023-05,263,Yorkville West,Manhattan,False,64699,9.67,23.58,0.09095967480177437,0.8262569746054808,True
2023-05,264,,Unknown,False,32867,13.05,36.53,0.14485654303708886,0.6872851188121825,True
2023-05,265,Outside of NYC,,False,1042,18.41,60.42,0.0854126679462572,0.6372360844529751,True
2023-06,1,Newark Airport,EWR,True,133,1.2,50.67,0.15789473684210525,0.849624060150376,False
2023-06,2,Jamaica Bay,Queens,False,5,39.78,58.76,0.0,0.8,False
2023-06,3,Allerton/Pelham Gardens,Bronx,False,54,29.34,74.83,0.2222222222222222,0.5370370370370371,False
2023-06,4,Alphabet City,Manhattan,False,3969,13.45,26.65,0.051902242378432856,0.6963970773494583,True
2023-06,5,Arden Heights,Staten Island,False,32,62.97,90.08,0.0625,0.28125,False
2023-06,6,Arrochar/Fort Wadsworth,Staten Island,False,36,0.33,0.67,0.0,1.0,False
2023-06,7,Astoria,Queens,False,1516,13.76,33.25,0.0679419525065963,0.7559366754617414,True
2023-06,8,Astoria Park,Queens,False,14,19.43,38.35,0.0,0.8571428571428571,False
2023-06,9,Auburndale,Queens,False,38,22.64,47.38,0.18421052631578946,0.5789473684210527,False
2023-06,10,Baisley Park,Queens,False,934,43.71,69.97,0.03854389721627409,0.5321199143468951,False
2023-06,11,Bath Beach,Brooklyn,False,38,32.69,68.68,0.21052631578947367,0.5526315789473685,False
2023-06,12,Battery Park,Manhattan,False,1535,20.27,37.2,0.06905537459283388,0.717915309446254,True
2023-06,13,Battery Park City,Manhattan,False,19952,16.38,32.32,0.0510224538893344,0.7914995990376904,True
2023-06,14,Bay Ridge,Brooklyn,False,181,34.63,63.05,0.03867403314917127,0.580110497237569,False
2023-06,15,Bay Terrace/Fort Totten,Queens,False,24,34.22,48.35,0.20833333333333334,0.4166666666666667,False
2023-06,16,Bayside,Queens,False,42,35.8,74.72,0.16666666666666666,0.5476190476190477,False
2023-06,17,Bedford,Brooklyn,False,469,25.42,46.84,0.08528784648187633,0.5181236673773987,False
2023-06,18,Bedford Park,Bronx,False,96,30.62,62.89,0.20833333333333334,0.3854166666666667,False
2023-06,19,Bellerose,Queens,False,52,19.58,33.68,0.057692307692307696,0.7692307692307693,False
2023-06,20,Belmont,Bronx,False,50,28.08,55.93,0.22,0.48,False
2023-06,21,Bensonhurst East,Brooklyn,False,36,46.93,68.36,0.2222222222222222,0.2222222222222222,False
2023-06,22,Bensonhurst West,Brooklyn,False,77,32.25,65.07,0.12987012987012986,0.6493506493506493,False
2023-06,23,Bloomfield/Emerson Hill,Staten Island,False,95,63.28,84.49,0.021052631578947368,0.4421052631578947,False
2023-06,24,Bloomingdale,Manhattan,False,8400,11.5,27.02,0.023452380952380954,0.8441666666666666,True
2023-06,25,Boerum Hill,Brooklyn,False,1426,18.26,41.92,0.09467040673211781,0.6584852734922861,True
2023-06,26,Borough Park,Brooklyn,False,88,35.3,68.77,0.2159090909090909,0.4090909090909091,False
2023-06,28,Briarwood/Jamaica Hills,Queens,False,218,24.16,55.83,0.11926605504587157,0.6788990825688074,False
2023-06,29,Brighton Beach,Brooklyn,False,65,56.1,103.76,0.07692307692307693,0.27692307692307694,False
2023-06,31,Bronx Park,Bronx,False,14,24.91,50.59,0.14285714285714285,0.5714285714285714,False
2023-06,32,Bronxdale,Bronx,False,73,27.82,62.81,0.2602739726027397,0.3972602739726027,False
2023-06,33,Brooklyn Heights,Brooklyn,False,1695,19.0,37.33,0.040117994100294985,0.7415929203539823,True
2023-06,34,Brooklyn Navy Yard,Brooklyn,False,62,17.67,30.87,0.0,0.7741935483870968,False
2023-06,35,Brownsville,Brooklyn,False,175,34.0,60.36,0.17714285714285713,0.36,False
2023-06,36,Bushwick North,Brooklyn,False,428,24.72,38.91,0.02102803738317757,0.5163551401869159,False
2023-06,37,Bushwick South,Brooklyn,False,509,24.68,44.37,0.04911591355599214,0.5147347740667977,False
2023-06,38,Cambria Heights,Queens,False,96,33.71,59.46,0.08333333333333333,0.46875,False
2023-06,39,Canarsie,Brooklyn,False,224,42.29,82.96,0.14285714285714285,0.34375,False
2023-06,40,Carroll Gardens,Brooklyn,False,412,19.18,37.99,0.08495145631067962,0.6796116504854369,False
2023-06,41,Central Harlem,Manhattan,False,7594,10.73,28.02,0.05767711351066632,0.8256518303924151,True
2023-06,42,Central Harlem North,Manhattan,False,2708,13.42,36.11,0.07459379615952733,0.7533234859675036,True
2023-06,43,Central Park,Manhattan,False,53926,11.93,27.2,0.16333494047398286,0.7062455958164893,True
2023-06,44,Charleston/Tottenville,Staten Island,False,24,50.52,90.43,0.041666666666666664,0.5416666666666666,False
2023-06,45,Chinatown,Manhattan,False,4552,15.88,34.11,0.10193321616871705,0.6438927943760984,True
2023-06,46,City Island,Bronx,False,6,57.97,63.01,0.0,0.3333333333333333,False
2023-06,47,Claremont/Bathgate,Bronx,False,78,23.08,57.15,0.23076923076923078,0.44871794871794873,False
2023-06,48,Clinton East,Manhattan,False,88432,11.48,26.37,0.1513705445992401,0.6977677763705445,True
2023-06,49,Clinton Hill,Brooklyn,False,511,22.65,46.1,0.09784735812133072,0.5929549902152642,False
2023-06,50,Clinton West,Manhattan,False,21975,11.47,25.35,0.1209556313993174,0.7544027303754266,True
2023-06,51,Co-Op City,Bronx,False,252,34.26,61.65,0.12698412698412698,0.5119047619047619,False
2023-06,52,Cobble Hill,Brooklyn,False,666,19.58,37.03,0.11711711711711711,0.6666666666666666,False
2023-06,53,College Point,Queens,False,37,36.05,67.16,0.05405405405405406,0.6756756756756757,False
2023-06,54,Columbia Street,Brooklyn,False,73,17.37,39.25,0.1232876712328767,0.7123287671232876,False
2023-06,55,Coney Island,Brooklyn,False,135,52.95,91.69,0.0962962962962963,0.34814814814814815,False
2023-06,56,Corona,Queens,False,152,28.47,56.1,0.1513157894736842,0.42105263157894735,False
2023-06,57,Corona,Queens,False,10,27.33,41.91,0.2,0.6,False
2023-06,58,Country Club,Bronx,False,3,17.98,29.94,0.3333333333333333,0.3333333333333333,False
2023-06,59,Crotona Park,Bronx,False,19,14.37,33.91,0.3684210526315789,0.5789473684210527,False
2023-06,60,Crotona Park East,Bronx,False,42,27.57,57.23,0.23809523809523808,0.4523809523809524,False
2023-06,61,Crown Heights North,Brooklyn,False,712,27.79,49.94,0.14325842696629212,0.47191011235955055,False
2023-06,62,Crown Heights South,Brooklyn,False,216,30.35,51.05,0.16203703703703703,0.41203703703703703,False
2023-06,63,Cypress Hills,Brooklyn,False,58,35.38,65.01,0.034482758620689655,0.39655172413793105,False
2023-06,64,Douglaston,Queens,False,21,23.58,68.98,0.23809523809523808,0.8095238095238095,False
2023-06,65,Downtown Brooklyn/MetroTech,Brooklyn,False,2291,16.72,36.85,0.04277608031427324,0.7738978611959842,True
2023-06,66,DUMBO/Vinegar Hill,Brooklyn,False,1159,19.92,38.57,0.04745470232959448,0.7109577221742882,True
2023-06,67,Dyker Heights,Brooklyn,False,38,27.63,56.85,0.07894736842105263,0.6578947368421053,False
2023-06,68,East Chelsea,Manhattan,False,83175,13.93,29.28,0.18895100691313496,0.6179741508866847,True
2023-06,69,East Concourse/Concourse Village,Bronx,False,155,25.47,54.68,0.14193548387096774,0.4838709677419355,False
2023-06,70,East Elmhurst,Queens,False,14258,27.68,48.48,0.01255435544957217,0.7595735727310984,True
2023-06,71,East Flatbush/Farragut,Brooklyn,False,152,32.86,66.27,0.23684210526315788,0.2631578947368421,False
2023-06,72,East Flatbush/Remsen Village,Brooklyn,False,165,31.13,70.28,0.19393939393939394,0.28484848484848485,False
2023-06,73,East Flushing,Queens,False,19,21.65,61.18,0.0,0.6842105263157895,False
2023-06,74,East Harlem North,Manhattan,False,6801,11.05,26.45,0.07425378620791061,0.8157623878841347,True
2023-06,75,East Harlem South,Manhattan,False,18914,10.43,26.83,0.07851327059321138,0.8134715025906736,True
2023-06,76,East New York,Brooklyn,False,309,33.35,63.8,0.16828478964401294,0.4045307443365696,False
2023-06,77,East New York/Pennsylvania Avenue,Brooklyn,False,90,36.01,79.3,0.15555555555555556,0.28888888888888886,False
2023-06,78,East Tremont,Bronx,False,108,25.21,50.46,0.24074074074074073,0.46296296296296297,False
2023-06,79,East Village,Manhattan,False,77583,11.53,24.23,0.06506580049753168,0.7378807212920356,True
2023-06,80,East Williamsburg,Brooklyn,False,1005,20.48,33.27,0.01791044776119403,0.6825870646766169,True
2023-06,81,Eastchester,Bronx,False,55,36.83,65.66,0.12727272727272726,0.4,False
2023-06,82,Elmhurst,Queens,False,331,17.18,44.15,0.1903323262839879,0.5830815709969789,False
2023-06,83,Elmhurst/Maspeth,Queens,False,128,15.33,43.8,0.09375,0.7421875,False
2023-06,84,Eltingville/Annadale/Prince's Bay,Staten Island,False,1,3.62,3.62,0.0,1.0,False
2023-06,85,Erasmus,Brooklyn,False,123,32.87,54.27,0.1951219512195122,0.3008130081300813,False
2023-06,86,Far Rockaway,Queens,False,130,56.09,88.71,0.1,0.23846153846153847,False
2023-06,87,Financial District North,Manhattan,False,17814,16.67,32.97,0.06646457842146626,0.7555293589311777,True
2023-06,88,Financial District South,Manhattan,False,9081,17.72,34.2,0.05847373637264618,0.7555335315493888,True
2023-06,89,Flatbush/Ditmas Park,Brooklyn,False,360,29.9,58.92,0.09722222222222222,0.4666666666666667,False
2023-06,90,Flatiron,Manhattan,False,53936,11.35,26.58,0.16272990210619995,0.6819193117769208,True
2023-06,91,Flatlands,Brooklyn,False,150,33.92,70.01,0.18666666666666668,0.24,False
2023-06,92,Flushing,Queens,False,195,27.28,48.4,0.13333333333333333,0.6564102564102564,False
2023-06,93,Flushing Meadows-Corona Park,Queens,False,346,24.58,46.05,0.04335260115606936,0.7890173410404624,False
2023-06,94,Fordham South,Bronx,False,36,24.23,56.98,0.19444444444444445,0.3888888888888889,False
2023-06,95,Forest Hills,Queens,False,494,21.65,43.78,0.1194331983805668,0.6133603238866396,False
2023-06,96,Forest Park/Highland Park,Queens,False,4,3.08,19.29,0.0,1.0,False
2023-06,97,Fort Greene,Brooklyn,False,1196,16.58,34.4,0.09364548494983277,0.6822742474916388,True
2023-06,98,Fresh Meadows,Queens,False,61,15.88,41.73,0.09836065573770492,0.6721311475409836,False
2023-06,99,Freshkills Park,Staten Island,False,3,15.67,93.55,0.0,0.6666666666666666,False
2023-06,100,Garment District,Manhattan,False,53485,12.68,28.22,0.2484060951668692,0.6045994203982425,True
2023-06,101,Glen Oaks,Queens,False,58,40.48,100.57,0.08620689655172414,0.5517241379310345,False
2023-06,102,Glendale,Queens,False,38,25.77,57.73,0.13157894736842105,0.47368421052631576,False
2023-06,106,Gowanus,Brooklyn,False,230,22.05,54.46,0.10434782608695652,0.6043478260869565,False
2023-06,107,Gramercy,Manhattan,False,68527,10.83,23.82,0.12037591022516672,0.7426124009514498,True
2023-06,108,Gravesend,Brooklyn,False,99,54.12,103.86,0.050505050505050504,0.3838383838383838,False
2023-06,109,Great Kills,Staten Island,False,3,70.35,73.71,0.0,0.3333333333333333,False
2023-06,112,Greenpoint,Brooklyn,False,744,18.81,33.72,0.01478494623655914,0.6774193548387096,False
2023-06,113,Greenwich Village North,Manhattan,False,43094,11.28,26.75,0.12136260268250801,0.6859655636515524,True
2023-06,114,Greenwich Village South,Manhattan,False,42975,11.82,25.72,0.08006980802792321,0.6863757998836533,True
2023-06,116,Hamilton Heights,Manhattan,False,2194,14.42,31.66,0.044667274384685506,0.8249772105742935,True
2023-06,117,Hammels/Arverne,Queens,False,104,56.75,85.33,0.07692307692307693,0.25961538461538464,False
2023-06,118,Heartland Village/Todt Hill,Staten Island,False,3,67.13,80.72,0.0,0.3333333333333333,False
2023-06,119,Highbridge,Bronx,False,163,21.45,51.73,0.18404907975460122,0.6134969325153374,False
2023-06,120,Highbridge Park,Manhattan,False,21,23.13,50.03,0.0,0.7142857142857143,False
2023-06,121,Hillcrest/Pomonok,Queens,False,127,26.43,55.68,0.14173228346456693,0.5118110236220472,False
2023-06,122,Hollis,Queens,False,52,38.98,55.45,0.11538461538461539,0.4423076923076923,False
2023-06,123,Homecrest,Brooklyn,False,57,37.58,59.89,0.17543859649122806,0.3684210526315789,False
2023-06,124,Howard Beach,Queens,False,66,37.84,76.61,0.13636363636363635,0.5454545454545454,False
2023-06,125,Hudson Sq,Manhattan,False,16412,11.88,27.87,0.08414574701437973,0.7204484523519376,True
2023-06,126,Hunts Point,Bronx,False,58,26.36,44.44,0.15517241379310345,0.5862068965517241,False
2023-06,127,Inwood,Manhattan,False,174,21.7,65.78,0.05747126436781609,0.7298850574712644,False
2023-06,128,Inwood Hill Park,Manhattan,False,12,15.39,39.22,0.08333333333333333,0.9166666666666666,False
2023-06,129,Jackson Heights,Queens,False,617,16.0,42.9,0.13452188006482982,0.6807131280388979,False
2023-06,130,Jamaica,Queens,False,499,29.77,53.58,0.10821643286573146,0.6753507014028056,False
2023-06,131,Jamaica Estates,Queens,False,131,26.68,59.23,0.1450381679389313,0.6412213740458015,False
2023-06,132,JFK Airport,Queens,True,176502,42.78,68.13,0.008226535676649556,0.5673023535144077,True
2023-06,133,Kensington,Brooklyn,False,105,27.23,51.26,0.06666666666666667,0.5904761904761905,False
2023-06,134,Kew Gardens,Queens,False,293,14.98,40.37,0.07849829351535836,0.8464163822525598,False
2023-06,135,Kew Gardens Hills,Queens,False,122,20.9,51.26,0.22950819672131148,0.5491803278688525,False
2023-06,136,Kingsbridge Heights,Bronx,False,89,26.35,63.48,0.16853932584269662,0.48314606741573035,False
2023-06,137,Kips Bay,Manhattan,False,34859,10.62,23.75,0.1389024355259761,0.7614676267248056,True
2023-06,138,LaGuardia Airport,Queens,False,118740,29.07,49.88,0.004118241536129358,0.7461512548425131,True
2023-06,139,Laurelton,Queens,False,111,39.57,67.23,0.07207207207207207,0.5315315315315315,False
2023-06,140,Lenox Hill East,Manhattan,False,62746,11.55,25.08,0.14295731998852518,0.7585981576514838,True
2023-06,141,Lenox Hill West,Manhattan,False,76059,9.83,22.68,0.15969181819377062,0.7670098213229204,True
2023-06,142,Lincoln Square East,Manhattan,False,105244,10.7,23.85,0.10357835125992931,0.7695640606590399,True
2023-06,143,Lincoln Square West,Manhattan,False,35349,10.43,23.4,0.06710232255509349,0.8263600101841636,True
2023-06,144,Little Italy/NoLiTa,Manhattan,False,28984,13.17,28.0,0.09487993375655535,0.6771322108749654,True
2023-06,145,Long Island City/Hunters Point,Queens,False,1449,15.35,38.32,0.043478260869565216,0.7612146307798482,True
2023-06,146,Long Island City/Queens Plaza,Queens,False,1582,12.84,29.66,0.061946902654867256,0.7882427307206068,True
2023-06,147,Longwood,Bronx,False,43,28.17,56.21,0.3488372093023256,0.37209302325581395,False
2023-06,148,Lower East Side,Manhattan,False,35004,12.92,25.98,0.05830762198605874,0.6998057364872586,True
2023-06,149,Madison,Brooklyn,False,66,33.3,86.01,0.16666666666666666,0.6060606060606061,False
2023-06,150,Manhattan Beach,Brooklyn,False,21,28.28,59.0,0.047619047619047616,0.6190476190476191,False
2023-06,151,Manhattan Valley,Manhattan,False,25761,10.58,25.08,0.0345095299095532,0.8611078762470401,True
2023-06,152,Manhattanville,Manhattan,False,1908,11.9,27.78,0.03249475890985325,0.8626834381551363,True
2023-06,153,Marble Hill,Manhattan,False,21,21.55,61.45,0.09523809523809523,0.5238095238095238,False
2023-06,154,Marine Park/Floyd Bennett Field,Brooklyn,False,19,25.73,59.04,0.0,0.7368421052631579,False
2023-06,155,Marine Park/Mill Basin,Brooklyn,False,60,33.67,78.33,0.08333333333333333,0.3333333333333333,False
2023-06,156,Mariners Harbor,Staten Island,False,2,13.27,15.19,0.0,1.0,False
2023-06,157,Maspeth,Queens,False,236,21.74,38.69,0.05508474576271186,0.7542372881355932,False
2023-06,158,Meatpacking/West Village West,Manhattan,False,28967,13.3,27.68,0.09921634963924465,0.6637553077640074,True
2023-06,159,Melrose South,Bronx,False,157,25.43,54.18,0.22929936305732485,0.39490445859872614,False
2023-06,160,Middle Village,Queens,False,71,25.57,49.42,0.15492957746478872,0.6901408450704225,False
2023-06,161,Midtown Center,Manhattan,False,150222,12.98,27.2,0.265400540533344,0.6078736802865093,True
2023-06,162,Midtown East,Manhattan,False,116119,12.32,25.63,0.22667263755285527,0.6688138891998725,True
2023-06,163,Midtown North,Manhattan,False,95358,12.22,27.68,0.22553954571194865,0.6433230562721534,True
2023-06,164,Midtown South,Manhattan,False,74491,12.23,27.0,0.2149252929884147,0.6500919574176747,True
2023-06,165,Midwood,Brooklyn,False,82,38.35,87.5,0.36585365853658536,0.24390243902439024,False
2023-06,166,Morningside Heights,Manhattan,False,13856,12.67,28.65,0.029445727482678985,0.8153868360277137,True
2023-06,167,Morrisania/Melrose,Bronx,False,110,31.28,65.52,0.23636363636363636,0.3181818181818182,False
2023-06,168,Mott Haven/Port Morris,Bronx,False,288,16.57,44.18,0.1284722222222222,0.7083333333333334,False
2023-06,169,Mount Hope,Bronx,False,117,26.33,52.09,0.23931623931623933,0.46153846153846156,False
2023-06,170,Murray Hill,Manhattan,False,99149,12.17,25.62,0.217934623647238,0.6786150137671585,True
2023-06,171,Murray Hill-Queens,Queens,False,57,29.88,62.06,0.17543859649122806,0.5614035087719298,False
2023-06,172,New Dorp/Midland Beach,Staten Island,False,3,26.15,924.87,0.3333333333333333,0.6666666666666666,False
2023-06,173,North Corona,Queens,False,48,22.83,45.44,0.16666666666666666,0.5416666666666666,False
2023-06,174,Norwood,Bronx,False,114,28.08,64.13,0.23684210526315788,0.38596491228070173,False
2023-06,175,Oakland Gardens,Queens,False,34,21.83,52.06,0.14705882352941177,0.6470588235294118,False
2023-06,177,Ocean Hill,Brooklyn,False,221,29.65,53.63,0.14479638009049775,0.45701357466063347,False
2023-06,178,Ocean Parkway South,Brooklyn,False,22,32.16,52.94,0.045454545454545456,0.7272727272727273,False
2023-06,179,Old Astoria,Queens,False,535,15.08,39.45,0.08224299065420561,0.7158878504672898,False
2023-06,180,Ozone Park,Queens,False,40,42.77,63.19,0.025,0.5,False
2023-06,181,Park Slope,Brooklyn,False,1157,21.0,44.1,0.07000864304235091,0.5851339671564391,True
2023-06,182,Parkchester,Bronx,False,105,31.87,57.88,0.18095238095238095,0.3523809523809524,False
2023-06,183,Pelham Bay,Bronx,False,19,20.78,52.81,0.15789473684210525,0.631578947368421,False
2023-06,184,Pelham Bay Park,Bronx,False,4,22.43,40.4,0.0,0.75,False
2023-06,185,Pelham Parkway,Bronx,False,63,25.4,53.4,0.20634920634920634,0.5555555555555556,False
2023-06,186,Penn Station/Madison Sq West,Manhattan,False,109206,14.5,29.75,0.27664230903063936,0.542982986282805,True
2023-06,188,Prospect-Lefferts Gardens,Brooklyn,False,376,29.62,55.17,0.15159574468085107,0.4787234042553192,False
2023-06,189,Prospect Heights,Brooklyn,False,382,20.7,39.46,0.07068062827225131,0.5863874345549738,False
2023-06,190,Prospect Park,Brooklyn,False,85,20.35,38.45,0.10588235294117647,0.5764705882352941,False
2023-06,191,Queens Village,Queens,False,133,36.8,70.02,0.09022556390977443,0.5639097744360902,False
2023-06,192,Queensboro Hill,Queens,False,48,18.87,52.11,0.125,0.625,False
2023-06,193,Queensbridge/Ravenswood,Queens,False,575,12.07,39.21,0.16,0.76,False
2023-06,194,Randalls Island,Manhattan,False,107,19.93,44.84,0.028037383177570093,0.822429906542056,False
2023-06,195,Red Hook,Brooklyn,False,382,31.19,50.06,0.031413612565445025,0.675392670157068,False
2023-06,196,Rego Park,Queens,False,190,26.08,45.95,0.11578947368421053,0.6263157894736842,False
2023-06,197,Richmond Hill,Queens,False,338,25.5,71.97,0.07396449704142012,0.606508875739645,False
2023-06,198,Ridgewood,Queens,False,143,27.5,51.81,0.06293706293706294,0.5034965034965035,False
2023-06,199,Rikers Island,Bronx,False,1,30.53,30.53,0.0,1.0,False
2023-06,200,Riverdale/North Riverdale/Fieldston,Bronx,False,53,30.18,68.91,0.05660377358490566,0.7169811320754716,False
2023-06,201,Rockaway Park,Queens,False,38,50.09,77.61,0.07894736842105263,0.47368421052631576,False
2023-06,202,Roosevelt Island,Manhattan,False,103,18.78,41.48,0.05825242718446602,0.7378640776699029,False
2023-06,203,Rosedale,Queens,False,132,28.29,68.43,0.030303030303030304,0.6363636363636364,False
2023-06,205,Saint Albans,Queens,False,238,36.13,67.71,0.16806722689075632,0.3865546218487395,False
2023-06,206,Saint George/New Brighton,Staten Island,False,2,42.09,46.02,0.0,1.0,False
2023-06,207,Saint Michaels Cemetery/Woodside,Queens,False,57,18.98,49.2,0.14035087719298245,0.6842105263157895,False
2023-06,208,Schuylerville/Edgewater Park,Bronx,False,102,26.51,52.21,0.17647058823529413,0.5392156862745098,False
2023-06,209,Seaport,Manhattan,False,6212,15.54,30.65,0.07405022537025113,0.7528976175144881,True
2023-06,210,Sheepshead Bay,Brooklyn,False,83,34.02,96.28,0.14457831325301204,0.4578313253012048,False
2023-06,211,SoHo,Manhattan,False,24061,12.82,28.65,0.11084327334690994,0.670088524998961,True
2023-06,212,Soundview/Bruckner,Bronx,False,55,23.55,51.98,0.16363636363636364,0.43636363636363634,False
2023-06,213,Soundview/Castle Hill,Bronx,False,191,25.63,59.78,0.12041884816753927,0.5445026178010471,False
2023-06,214,South Beach/Dongan Hills,Staten Island,False,17,42.2,51.54,0.0,0.5294117647058824,False
2023-06,215,South Jamaica,Queens,False,389,36.98,59.8,0.08483290488431877,0.6118251928020566,False
2023-06,216,South Ozone Park,Queens,False,519,16.87,65.54,0.06165703275529865,0.6763005780346821,False
2023-06,217,South Williamsburg,Brooklyn,False,115,15.52,45.06,0.10434782608695652,0.5826086956521739,False
2023-06,218,Springfield Gardens North,Queens,False,229,30.77,60.08,0.1703056768558952,0.4497816593886463,False
2023-06,219,Springfield Gardens South,Queens,False,290,37.9,71.97,0.03793103448275862,0.5827586206896552,False
2023-06,220,Spuyten Duyvil/Kingsbridge,Bronx,False,117,22.75,49.26,0.05982905982905983,0.7264957264957265,False
2023-06,221,Stapleton,Staten Island,False,4,0.49,15.99,0.0,1.0,False
2023-06,222,Starrett City,Brooklyn,False,97,35.32,69.77,0.14432989690721648,0.27835051546391754,False
2023-06,223,Steinway,Queens,False,644,17.62,45.01,0.04813664596273292,0.7934782608695652,False
2023-06,224,Stuy Town/Peter Cooper Village,Manhattan,False,4284,11.98,25.77,0.09126984126984126,0.7642390289449112,True
2023-06,225,Stuyvesant Heights,Brooklyn,False,414,29.9,54.78,0.1280193236714976,0.36231884057971014,False
2023-06,226,Sunnyside,Queens,False,2087,17.32,40.57,0.07235265931959751,0.6971729755630091,True
2023-06,227,Sunset Park East,Brooklyn,False,52,34.0,55.97,0.09615384615384616,0.46153846153846156,False
2023-06,228,Sunset Park West,Brooklyn,False,200,27.22,49.55,0.11,0.59,False
2023-06,229,Sutton Place/Turtle Bay North,Manhattan,False,62131,10.85,23.17,0.19927250486874507,0.7148283465580789,True
2023-06,230,Times Sq/Theatre District,Manhattan,False,106831,13.63,32.58,0.2218550795181174,0.6040475142982842,True
2023-06,231,TriBeCa/Civic Center,Manhattan,False,45170,14.05,30.17,0.09922514943546602,0.7086783263227806,True
2023-06,232,Two Bridges/Seward Park,Manhattan,False,3628,15.05,29.8,0.0603638368246968,0.7108599779492834,True
2023-06,233,UN/Turtle Bay South,Manhattan,False,42758,12.3,25.9,0.20314327143458535,0.7026755227092006,True
2023-06,234,Union Sq,Manhattan,False,86565,11.5,25.43,0.16776988390226996,0.6760469011725293,True
2023-06,235,University Heights/Morris Heights,Bronx,False,161,36.8,71.95,0.12422360248447205,0.4968944099378882,False
2023-06,236,Upper East Side North,Manhattan,False,135442,10.02,24.13,0.13616160422911652,0.7735488253274464,True
2023-06,237,Upper East Side South,Manhattan,False,154755,9.75,22.8,0.20256534522309458,0.7244224742334658,True
2023-06,238,Upper West Side North,Manhattan,False,60744,10.12,24.35,0.038209535098116684,0.8592288950349005,True
2023-06,239,Upper West Side South,Manhattan,False,90369,10.33,24.53,0.053381137336918634,0.8317122021932299,True
2023-06,240,Van Cortlandt Park,Bronx,False,10,27.33,41.13,0.0,0.7,False
2023-06,241,Van Cortlandt Village,Bronx,False,106,26.99,66.68,0.18867924528301888,0.4716981132075472,False
2023-06,242,Van Nest/Morris Park,Bronx,False,151,25.48,50.8,0.2913907284768212,0.3841059602649007,False
2023-06,243,Washington Heights North,Manhattan,False,441,19.85,42.0,0.06802721088435375,0.780045351473923,False
2023-06,244,Washington Heights South,Manhattan,False,1955,16.57,38.49,0.04552429667519182,0.808695652173913,True
2023-06,245,West Brighton,Staten Island,False,1,10.28,10.28,0.0,1.0,False
2023-06,246,West Chelsea/Hudson Yards,Manhattan,False,54297,13.55,26.2,0.16599443799841612,0.6662799049671253,True
2023-06,247,West Concourse,Bronx,False,353,22.02,51.75,0.19263456090651557,0.546742209631728,False
2023-06,248,West Farms/Bronx River,Bronx,False,59,22.67,49.07,0.1864406779661017,0.5423728813559322,False
2023-06,249,West Village,Manhattan,False,72677,11.7,25.45,0.09561484376074962,0.6790181212763322,True
2023-06,250,Westchester Village/Unionport,Bronx,False,54,27.18,57.93,0.07407407407407407,0.5555555555555556,False
2023-06,251,Westerleigh,Staten Island,False,4,18.63,52.07,0.0,0.75,False
2023-06,252,Whitestone,Queens,False,34,29.97,52.31,0.029411764705882353,0.7058823529411765,False
2023-06,253,Willets Point,Queens,False,21,17.25,38.67,0.0,0.8571428571428571,False
2023-06,254,Williamsbridge/Olinville,Bronx,False,136,32.22,64.5,0.16176470588235295,0.4852941176470588,False
2023-06,255,Williamsburg (North Side),Brooklyn,False,1479,20.0,34.02,0.04259634888438134,0.5632183908045977,True
2023-06,256,Williamsburg (South Side),Brooklyn,False,1226,19.33,36.75,0.04812398042414356,0.6052202283849919,True
2023-06,257,Windsor Terrace,Brooklyn,False,63,21.07,47.53,0.07936507936507936,0.6349206349206349,False
2023-06,258,Woodhaven,Queens,False,72,27.9,51.87,0.16666666666666666,0.4861111111111111,False
2023-06,259,Woodlawn/Wakefield,Bronx,False,84,30.34,69.79,0.11904761904761904,0.6190476190476191,False
2023-06,260,Woodside,Queens,False,580,15.79,38.96,0.11896551724137931,0.7120689655172414,False
2023-06,261,World Trade Center,Manhattan,False,16689,18.58,36.57,0.1020432620288813,0.6575588711127089,True
2023-06,262,Yorkville East,Manhattan,False,42854,10.55,23.0,0.06930508237270733,0.8463854015961171,True
2023-06,263,Yorkville West,Manhattan,False,60882,9.48,23.05,0.07852895765579318,0.84445320455964,True
2023-06,264,,Unknown,False,29488,12.88,34.93,0.13483450895279436,0.7043543136190993,True
2023-06,265,Outside of NYC,,False,1520,59.23,60.67,0.11578947368421053,0.4651315789473684,True
2023-07,1,Newark Airport,EWR,True,133,5.65,50.22,0.07518796992481203,0.8646616541353384,False
2023-07,2,Jamaica Bay,Queens,False,5,39.08,62.32,0.0,0.6,False
2023-07,3,Allerton/Pelham Gardens,Bronx,False,67,29.82,67.32,0.13432835820895522,0.44776119402985076,False
2023-07,4,Alphabet City,Manhattan,False,3425,12.77,25.88,0.03941605839416058,0.705985401459854,True
2023-07,5,Arden Heights,Staten Island,False,13,61.98,132.22,0.23076923076923078,0.23076923076923078,False
2023-07,6,Arrochar/Fort Wadsworth,Staten Island,False,38,0.33,0.63,0.0,1.0,False
2023-07,7,Astoria,Queens,False,1490,13.09,34.47,0.06845637583892618,0.7557046979865771,True
2023-07,8,Astoria Park,Queens,False,13,20.07,48.77,0.0,0.6923076923076923,False
2023-07,9,Auburndale,Queens,False,40,25.98,42.78,0.1,0.575,False
2023-07,10,Baisley Park,Queens,False,870,39.73,62.52,0.03793103448275862,0.6517241379310345,False
2023-07,11,Bath Beach,Brooklyn,False,40,35.69,71.96,0.025,0.475,False
2023-07,12,Battery Park,Manhattan,False,2225,20.05,33.4,0.06337078651685393,0.729438202247191,True
2023-07,13,Battery Park City,Manhattan,False,18385,16.05,30.58,0.044655969540386184,0.8089747076420996,True
2023-07,14,Bay Ridge,Brooklyn,False,190,29.35,67.61,0.042105263157894736,0.6263157894736842,False
2023-07,15,Bay Terrace/Fort Totten,Queens,False,23,23.9,52.04,0.043478260869565216,0.7391304347826086,False
2023-07,16,Bayside,Queens,False,42,27.08,66.47,0.09523809523809523,0.6666666666666666,False
2023-07,17,Bedford,Brooklyn,False,336,24.13,47.34,0.13392857142857142,0.5476190476190477,False
2023-07,18,Bedford Park,Bronx,False,91,35.33,76.02,0.13186813186813187,0.4065934065934066,False
2023-07,19,Bellerose,Queens,False,57,25.72,57.34,0.05263157894736842,0.5964912280701754,False
2023-07,20,Belmont,Bronx,False,60,33.01,64.26,0.25,0.43333333333333335,False
2023-07,21,Bensonhurst East,Brooklyn,False,37,42.05,68.43,0.16216216216216217,0.32432432432432434,False
2023-07,22,Bensonhurst West,Brooklyn,False,68,34.21,70.21,0.20588235294117646,0.45588235294117646,False
2023-07,23,Bloomfield/Emerson Hill,Staten Island,False,64,56.76,76.38,0.0,0.453125,False
2023-07,24,Bloomingdale,Manhattan,False,6458,11.08,24.52,0.020439764633013318,0.8820068132548776,True
2023-07,25,Boerum Hill,Brooklyn,False,1033,17.27,37.49,0.08422071636011616,0.7066795740561471,True
2023-07,26,Borough Park,Brooklyn,False,53,32.58,70.77,0.16981132075471697,0.3018867924528302,False
2023-07,27,Breezy Point/Fort Tilden/Riis Beach,Queens,False,5,36.37,53.64,0.0,0.8,False
2023-07,28,Briarwood/Jamaica Hills,Queens,False,252,23.03,48.9,0.10317460317460317,0.746031746031746,False
2023-07,29,Brighton Beach,Brooklyn,False,87,48.83,103.95,0.10344827586206896,0.39080459770114945,False
2023-07,31,Bronx Park,Bronx,False,22,29.79,58.45,0.045454545454545456,0.6363636363636364,False
2023-07,32,Bronxdale,Bronx,False,54,30.37,66.07,0.24074074074074073,0.35185185185185186,False
2023-07,33,Brooklyn Heights,Brooklyn,False,1341,19.38,35.82,0.047725577926920205,0.7352721849366145,True
2023-07,34,Brooklyn Navy Yard,Brooklyn,False,40,14.73,26.8,0.025,0.825,False
2023-07,35,Brownsville,Brooklyn,False,178,32.42,56.63,0.2247191011235955,0.2752808988764045,False
2023-07,36,Bushwick North,Brooklyn,False,344,22.54,36.62,0.023255813953488372,0.6046511627906976,False
2023-07,37,Bushwick South,Brooklyn,False,391,25.0,43.0,0.056265984654731455,0.47570332480818417,False
2023-07,38,Cambria Heights,Queens,False,104,31.2,59.53,0.16346153846153846,0.5096153846153846,False
2023-07,39,Canarsie,Brooklyn,False,214,36.9,76.87,0.13551401869158877,0.32242990654205606,False
2023-07,40,Carroll Gardens,Brooklyn,False,306,19.65,35.14,0.06862745098039216,0.7222222222222222,False
2023-07,41,Central Harlem,Manhattan,False,6254,10.3,26.35,0.04557083466581388,0.8498560921010553,True
2023-07,42,Central Harlem North,Manhattan,False,2388,12.26,34.07,0.0711892797319933,0.8040201005025126,True
2023-07,43,Central Park,Manhattan,False,49043,11.57,26.0,0.11973166404991538,0.7606794037885122,True
2023-07,44,Charleston/Tottenville,Staten Island,False,21,59.73,80.32,0.047619047619047616,0.38095238095238093,False
2023-07,45,Chinatown,Manhattan,False,4407,15.85,33.63,0.11708645336963922,0.6485137281597458,True
2023-07,46,City Island,Bronx,False,15,23.28,44.63,0.0,0.7333333333333333,False
2023-07,47,Claremont/Bathgate,Bronx,False,80,33.06,59.67,0.2125,0.375,False
2023-07,48,Clinton East,Manhattan,False,78755,11.07,25.62,0.1496031997968383,0.7138086470700273,True
2023-07,49,Clinton Hill,Brooklyn,False,411,21.8,46.15,0.08759124087591241,0.5985401459854015,False
2023-07,50,Clinton West,Manhattan,False,19368,10.88,24.0,0.10945890128046262,0.7831474597273854,True
2023-07,51,Co-Op City,Bronx,False,257,32.07,61.08,0.1828793774319066,0.4785992217898833,False
2023-07,52,Cobble Hill,Brooklyn,False,503,19.18,35.2,0.08946322067594434,0.7216699801192843,False
2023-07,53,College Point,Queens,False,44,31.16,45.67,0.06818181818181818,0.7954545454545454,False
2023-07,54,Columbia Street,Brooklyn,False,65,19.0,37.2,0.09230769230769231,0.8,False
2023-07,55,Coney Island,Brooklyn,False,160,43.24,84.31,0.1,0.4125,False
2023-07,56,Corona,Queens,False,145,27.17,57.06,0.14482758620689656,0.4827586206896552,False
2023-07,57,Corona,Queens,False,7,11.58,29.47,0.14285714285714285,0.5714285714285714,False
2023-07,58,Country Club,Bronx,False,6,33.44,63.1,0.16666666666666666,0.3333333333333333,False
2023-07,59,Crotona Park,Bronx,False,2,10.12,18.02,0.0,1.0,False
2023-07,60,Crotona Park East,Bronx,False,51,26.22,68.5,0.29411764705882354,0.3333333333333333,False
2023-07,61,Crown Heights North,Brooklyn,False,583,25.75,49.75,0.1183533447684391,0.47855917667238423,False
2023-07,62,Crown Heights South,Brooklyn,False,207,28.0,53.67,0.17391304347826086,0.3961352657004831,False
2023-07,63,Cypress Hills,Brooklyn,False,47,33.72,55.5,0.10638297872340426,0.48936170212765956,False
2023-07,64,Douglaston,Queens,False,18,19.85,46.14,0.05555555555555555,0.8888888888888888,False
2023-07,65,Downtown Brooklyn/MetroTech,Brooklyn,False,1685,16.88,34.7,0.045103857566765576,0.7762611275964392,True
2023-07,66,DUMBO/Vinegar Hill,Brooklyn,False,935,19.08,34.17,0.045989304812834225,0.7368983957219252,False
2023-07,67,Dyker Heights,Brooklyn,False,37,31.63,56.5,0.02702702702702703,0.7027027027027027,False
2023-07,68,East Chelsea,Manhattan,False,77172,13.94,28.53,0.19587415124656612,0.6243585756491992,True
2023-07,69,East Concourse/Concourse Village,Bronx,False,180,28.99,59.59,0.19444444444444445,0.3611111111111111,False
2023-07,70,East Elmhurst,Queens,False,12769,25.93,44.72,0.009632704205497689,0.8084423212467695,True
2023-07,71,East Flatbush/Farragut,Brooklyn,False,156,30.94,58.81,0.2564102564102564,0.30128205128205127,False
2023-07,72,East Flatbush/Remsen Village,Brooklyn,False,149,33.65,59.64,0.28187919463087246,0.19463087248322147,False
2023-07,73,East Flushing,Queens,False,24,38.58,66.18,0.08333333333333333,0.4166666666666667,False
2023-07,74,East Harlem North,Manhattan,False,5967,10.08,24.33,0.0579855873973521,0.865426512485336,True
2023-07,75,East Harlem South,Manhattan,False,15409,9.53,24.9,0.05055487053020962,0.8680641183723797,True
2023-07,76,East New York,Brooklyn,False,289,31.85,71.17,0.18685121107266436,0.38408304498269896,False
2023-07,77,East New York/Pennsylvania Avenue,Brooklyn,False,81,31.95,58.05,0.1111111111111111,0.43209876543209874,False
2023-07,78,East Tremont,Bronx,False,85,27.78,57.74,0.17647058823529413,0.49411764705882355,False
2023-07,79,East Village,Manhattan,False,66914,11.12,23.33,0.060645007023941176,0.7578533640194877,True
2023-07,80,East Williamsburg,Brooklyn,False,874,19.49,34.0,0.029748283752860413,0.7048054919908466,False
2023-07,81,Eastchester,Bronx,False,58,31.65,71.13,0.22413793103448276,0.43103448275862066,False
2023-07,82,Elmhurst,Queens,False,364,17.65,44.84,0.13186813186813187,0.6593406593406593,False
2023-07,83,Elmhurst/Maspeth,Queens,False,112,18.0,40.61,0.08035714285714286,0.6875,False
2023-07,85,Erasmus,Brooklyn,False,99,34.27,57.53,0.16161616161616163,0.36363636363636365,False
2023-07,86,Far Rockaway,Queens,False,127,52.43,81.22,0.07086614173228346,0.25984251968503935,False
2023-07,87,Financial District North,Manhattan,False,17308,16.37,31.14,0.0678876819967645,0.7682574532008319,True
2023-07,88,Financial District South,Manhattan,False,8738,17.32,32.55,0.0573357747768368,0.7705424582284276,True
2023-07,89,Flatbush/Ditmas Park,Brooklyn,False,346,28.51,55.57,0.13872832369942195,0.4682080924855491,False
2023-07,90,Flatiron,Manhattan,False,46877,10.67,25.14,0.15901188215969453,0.7095590588134906,True
2023-07,91,Flatlands,Brooklyn,False,141,33.37,72.35,0.18439716312056736,0.3971631205673759,False
2023-07,92,Flushing,Queens,False,155,24.77,49.23,0.10967741935483871,0.6387096774193548,False
2023-07,93,Flushing Meadows-Corona Park,Queens,False,299,23.53,45.61,0.03678929765886288,0.8160535117056856,False
2023-07,94,Fordham South,Bronx,False,52,28.49,65.6,0.09615384615384616,0.38461538461538464,False
2023-07,95,Forest Hills,Queens,False,408,19.87,43.8,0.1715686274509804,0.5882352941176471,False
2023-07,96,Forest Park/Highland Park,Queens,False,5,17.77,22.23,0.0,0.8,False
2023-07,97,Fort Greene,Brooklyn,False,1046,17.43,35.45,0.07552581261950286,0.6864244741873805,True
2023-07,98,Fresh Meadows,Queens,False,46,20.12,51.03,0.10869565217391304,0.6956521739130435,False
2023-07,100,Garment District,Manhattan,False,52895,12.27,27.12,0.24650723130730692,0.6221571036960015,True
2023-07,101,Glen Oaks,Queens,False,38,29.6,55.47,0.05263157894736842,0.6578947368421053,False
2023-07,102,Glendale,Queens,False,49,18.83,42.24,0.1836734693877551,0.5714285714285714,False
2023-07,106,Gowanus,Brooklyn,False,130,23.68,41.79,0.09230769230769231,0.5615384615384615,False
2023-07,107,Gramercy,Manhattan,False,57865,10.55,22.73,0.1131599412425473,0.7643480514991792,True
2023-07,108,Gravesend,Brooklyn,False,45,32.98,56.13,0.08888888888888889,0.5555555555555556,False
2023-07,111,Green-Wood Cemetery,Brooklyn,False,3,32.28,85.91,0.0,0.3333333333333333,False
2023-07,112,Greenpoint,Brooklyn,False,587,18.7,34.78,0.04088586030664395,0.6490630323679727,False
2023-07,113,Greenwich Village North,Manhattan,False,38599,10.93,25.23,0.12070260887587761,0.7126091349516827,True
2023-07,114,Greenwich Village South,Manhattan,False,38379,11.38,24.83,0.0728262852080565,0.7132285885510306,True
2023-07,115,Grymes Hill/Clifton,Staten Island,False,2,92.28,101.06,0.0,0.0,False
2023-07,116,Hamilton Heights,Manhattan,False,1883,13.83,31.33,0.024429102496016993,0.8507700477960701,True
2023-07,117,Hammels/Arverne,Queens,False,141,57.08,85.17,0.07801418439716312,0.22695035460992907,False
2023-07,118,Heartland Village/Todt Hill,Staten Island,False,7,6.43,31.65,0.14285714285714285,0.8571428571428571,False
2023-07,119,Highbridge,Bronx,False,168,23.37,45.91,0.17261904761904762,0.4880952380952381,False
2023-07,120,Highbridge Park,Manhattan,False,25,20.28,39.07,0.04,0.8,False
2023-07,121,Hillcrest/Pomonok,Queens,False,138,22.88,46.51,0.09420289855072464,0.6521739130434783,False
2023-07,122,Hollis,Queens,False,57,34.35,66.9,0.15789473684210525,0.40350877192982454,False
2023-07,123,Homecrest,Brooklyn,False,63,34.97,68.78,0.19047619047619047,0.31746031746031744,False
2023-07,124,Howard Beach,Queens,False,79,28.25,57.96,0.10126582278481013,0.5949367088607594,False
2023-07,125,Hudson Sq,Manhattan,False,14138,11.45,26.95,0.0780166926014995,0.7457914839439808,True
2023-07,126,Hunts Point,Bronx,False,52,28.36,52.52,0.23076923076923078,0.40384615384615385,False
2023-07,127,Inwood,Manhattan,False,161,23.62,72.78,0.055900621118012424,0.7142857142857143,False
2023-07,128,Inwood Hill Park,Manhattan,False,16,24.8,61.18,0.0,0.6875,False
2023-07,129,Jackson Heights,Queens,False,626,15.73,40.11,0.1134185303514377,0.731629392971246,False
2023-07,130,Jamaica,Queens,False,447,27.08,51.73,0.0894854586129754,0.668903803131991,False
2023-07,131,Jamaica Estates,Queens,False,93,24.58,53.46,0.1827956989247312,0.5591397849462365,False
2023-07,132,JFK Airport,Queens,True,172846,39.57,61.82,0.008770813325156498,0.6647362391955846,True
2023-07,133,Kensington,Brooklyn,False,90,19.91,61.76,0.13333333333333333,0.6555555555555556,False
2023-07,134,Kew Gardens,Queens,False,267,14.15,43.2,0.13857677902621723,0.7865168539325843,False
2023-07,135,Kew Gardens Hills,Queens,False,108,18.72,45.33,0.19444444444444445,0.6203703703703703,False
2023-07,136,Kingsbridge Heights,Bronx,False,89,26.68,53.49,0.14606741573033707,0.47191011235955055,False
2023-07,137,Kips Bay,Manhattan,False,31765,10.05,22.08,0.12844325515504487,0.7853927278451125,True
2023-07,138,LaGuardia Airport,Queens,False,102255,26.7,44.8,0.003589066549312992,0.8143856046159113,True
2023-07,139,Laurelton,Queens,False,86,39.23,63.7,0.08139534883720931,0.5465116279069767,False
2023-07,140,Lenox Hill East,Manhattan,False,53345,10.83,23.39,0.10448964289061767,0.8109288593120255,True
2023-07,141,Lenox Hill West,Manhattan,False,64988,9.15,21.03,0.11217455530251738,0.8272911922201022,True
2023-07,142,Lincoln Square East,Manhattan,False,89458,10.0,22.59,0.07372174651791902,0.8176574481879765,True
2023-07,143,Lincoln Square West,Manhattan,False,26982,9.65,21.92,0.04506708175820918,0.8761396486546587,True
2023-07,144,Little Italy/NoLiTa,Manhattan,False,27751,13.42,27.7,0.10021260495117293,0.6857050196389319,True
2023-07,145,Long Island City/Hunters Point,Queens,False,1465,15.73,36.03,0.05597269624573379,0.7617747440273037,True
2023-07,146,Long Island City/Queens Plaza,Queens,False,1554,12.28,27.56,0.0489060489060489,0.8223938223938224,True
2023-07,147,Longwood,Bronx,False,47,36.88,58.74,0.23404255319148937,0.2765957446808511,False
2023-07,148,Lower East Side,Manhattan,False,31564,12.6,25.3,0.056520086174122415,0.7136928145989101,True
2023-07,149,Madison,Brooklyn,False,45,33.85,50.26,0.06666666666666667,0.7111111111111111,False
2023-07,150,Manhattan Beach,Brooklyn,False,41,35.62,72.67,0.14634146341463414,0.43902439024390244,False
2023-07,151,Manhattan Valley,Manhattan,False,20812,9.98,23.28,0.02306361714395541,0.9017874303286565,True
2023-07,152,Manhattanville,Manhattan,False,1566,12.16,27.17,0.031928480204342274,0.8652618135376756,True
2023-07,153,Marble Hill,Manhattan,False,26,35.45,68.04,0.0,0.7307692307692307,False
2023-07,154,Marine Park/Floyd Bennett Field,Brooklyn,False,9,11.43,77.48,0.1111111111111111,0.7777777777777778,False
2023-07,155,Marine Park/Mill Basin,Brooklyn,False,62,36.88,60.98,0.08064516129032258,0.43548387096774194,False
2023-07,156,Mariners Harbor,Staten Island,False,1,32.63,32.63,0.0,1.0,False
2023-07,157,Maspeth,Queens,False,209,18.5,32.76,0.09569377990430622,0.7942583732057417,False
2023-07,158,Meatpacking/West Village West,Manhattan,False,26280,13.18,26.23,0.09140030441400304,0.6820776255707762,True
2023-07,159,Melrose South,Bronx,False,164,20.64,40.33,0.23780487804878048,0.5182926829268293,False
2023-07,160,Middle Village,Queens,False,59,20.83,40.45,0.1864406779661017,0.6610169491525424,False
2023-07,161,Midtown Center,Manhattan,False,135590,12.28,25.72,0.25636108857585366,0.6430341470609927,True
2023-07,162,Midtown East,Manhattan,False,104823,11.77,24.41,0.21615485151159575,0.6963548076280969,True
2023-07,163,Midtown North,Manhattan,False,82399,11.53,26.5,0.20012378791004745,0.6930423912911564,True
2023-07,164,Midtown South,Manhattan,False,69396,11.8,25.25,0.21178454089572887,0.6772724652717735,True
2023-07,165,Midwood,Brooklyn,False,91,38.32,67.05,0.17582417582417584,0.3076923076923077,False
2023-07,166,Morningside Heights,Manhattan,False,10977,12.13,26.9,0.028696365127083904,0.8481370137560353,True
2023-07,167,Morrisania/Melrose,Bronx,False,135,24.9,50.89,0.2222222222222222,0.362962962962963,False
2023-07,168,Mott Haven/Port Morris,Bronx,False,295,17.57,42.77,0.13220338983050847,0.6271186440677966,False
2023-07,169,Mount Hope,Bronx,False,113,27.92,68.6,0.23893805309734514,0.39823008849557523,False
2023-07,170,Murray Hill,Manhattan,False,90036,11.63,24.18,0.20846106002043627,0.7055288995512906,True
2023-07,171,Murray Hill-Queens,Queens,False,44,27.53,56.48,0.11363636363636363,0.45454545454545453,False
2023-07,173,North Corona,Queens,False,64,21.28,44.15,0.203125,0.640625,False
2023-07,174,Norwood,Bronx,False,100,24.66,67.65,0.17,0.49,False
2023-07,175,Oakland Gardens,Queens,False,34,23.07,48.23,0.23529411764705882,0.5882352941176471,False
2023-07,177,Ocean Hill,Brooklyn,False,155,30.85,56.34,0.1032258064516129,0.432258064516129,False
2023-07,178,Ocean Parkway South,Brooklyn,False,20,22.49,41.38,0.05,0.75,False
2023-07,179,Old Astoria,Queens,False,478,13.0,35.75,0.100418410041841,0.7573221757322176,False
2023-07,180,Ozone Park,Queens,False,42,28.4,53.2,0.14285714285714285,0.5238095238095238,False
2023-07,181,Park Slope,Brooklyn,False,831,20.63,42.38,0.08664259927797834,0.5884476534296029,False
2023-07,182,Parkchester,Bronx,False,100,31.31,58.74,0.22,0.37,False
2023-07,183,Pelham Bay,Bronx,False,31,20.52,51.93,0.12903225806451613,0.6451612903225806,False
2023-07,184,Pelham Bay Park,Bronx,False,14,19.97,40.31,0.0,0.8571428571428571,False
2023-07,185,Pelham Parkway,Bronx,False,77,23.95,56.7,0.2077922077922078,0.4675324675324675,False
2023-07,186,Penn Station/Madison Sq West,Manhattan,False,106181,14.4,29.15,0.2699447170397717,0.5582637194978386,True
2023-07,187,Port Richmond,Staten Island,False,1,0.33,0.33,0.0,1.0,False
2023-07,188,Prospect-Lefferts Gardens,Brooklyn,False,353,27.0,56.34,0.21529745042492918,0.42492917847025496,False
2023-07,189,Prospect Heights,Brooklyn,False,337,22.62,41.97,0.06231454005934718,0.6201780415430267,False
2023-07,190,Prospect Park,Brooklyn,False,69,20.0,40.19,0.057971014492753624,0.5362318840579711,False
2023-07,191,Queens Village,Queens,False,129,35.43,61.96,0.08527131782945736,0.5813953488372093,False
2023-07,192,Queensboro Hill,Queens,False,49,15.65,39.39,0.061224489795918366,0.6938775510204082,False
2023-07,193,Queensbridge/Ravenswood,Queens,False,522,11.34,38.01,0.19157088122605365,0.7586206896551724,False
2023-07,194,Randalls Island,Manhattan,False,114,17.91,36.09,0.017543859649122806,0.8421052631578947,False
2023-07,195,Red Hook,Brooklyn,False,434,29.48,49.13,0.04608294930875576,0.7327188940092166,False
2023-07,196,Rego Park,Queens,False,193,22.8,49.59,0.14507772020725387,0.6476683937823834,False
2023-07,197,Richmond Hill,Queens,False,304,27.11,67.26,0.10197368421052631,0.5822368421052632,False
2023-07,198,Ridgewood,Queens,False,114,22.86,43.99,0.13157894736842105,0.5964912280701754,False
2023-07,199,Rikers Island,Bronx,False,3,34.47,39.81,0.0,1.0,False
2023-07,200,Riverdale/North Riverdale/Fieldston,Bronx,False,49,28.0,58.24,0.04081632653061224,0.7959183673469388,False
2023-07,201,Rockaway Park,Queens,False,36,52.15,78.36,0.1111111111111111,0.3888888888888889,False
2023-07,202,Roosevelt Island,Manhattan,False,110,19.91,51.72,0.1,0.6909090909090909,False
2023-07,203,Rosedale,Queens,False,117,30.65,69.48,0.09401709401709402,0.5726495726495726,False
2023-07,205,Saint Albans,Queens,False,247,30.17,58.75,0.1659919028340081,0.4291497975708502,False
2023-07,206,Saint George/New Brighton,Staten Island,False,5,18.85,51.72,0.0,0.4,False
2023-07,207,Saint Michaels Cemetery/Woodside,Queens,False,56,20.39,41.81,0.14285714285714285,0.7857142857142857,False
2023-07,208,Schuylerville/Edgewater Park,Bronx,False,95,25.63,49.3,0.2,0.5473684210526316,False
2023-07,209,Seaport,Manhattan,False,6181,15.58,29.55,0.07361268403171008,0.7777058728361107,True
2023-07,210,Sheepshead Bay,Brooklyn,False,74,47.48,75.97,0.08108108108108109,0.44594594594594594,False
2023-07,211,SoHo,Manhattan,False,21474,12.58,27.93,0.1077116512992456,0.6959113346372358,True
2023-07,212,Soundview/Bruckner,Bronx,False,63,29.43,56.83,0.2222222222222222,0.38095238095238093,False
2023-07,213,Soundview/Castle Hill,Bronx,False,200,26.49,57.21,0.135,0.535,False
2023-07,214,South Beach/Dongan Hills,Staten Island,False,18,45.48,52.62,0.0,0.3333333333333333,False
2023-07,215,South Jamaica,Queens,False,370,36.34,58.04,0.07567567567567568,0.6648648648648648,False
2023-07,216,South Ozone Park,Queens,False,482,16.38,56.92,0.06016597510373444,0.7157676348547718,False
2023-07,217,South Williamsburg,Brooklyn,False,73,16.48,43.76,0.1232876712328767,0.6301369863013698,False
2023-07,218,Springfield Gardens North,Queens,False,224,35.74,68.03,0.16964285714285715,0.44642857142857145,False
2023-07,219,Springfield Gardens South,Queens,False,291,31.73,66.7,0.030927835051546393,0.6735395189003437,False
2023-07,220,Spuyten Duyvil/Kingsbridge,Bronx,False,121,17.98,53.23,0.08264462809917356,0.7603305785123967,False
2023-07,221,Stapleton,Staten Island,False,1,42.63,42.63,0.0,1.0,False
2023-07,222,Starrett City,Brooklyn,False,90,44.43,76.08,0.2,0.3,False
2023-07,223,Steinway,Queens,False,579,16.73,44.35,0.046632124352331605,0.8065630397236615,False
2023-07,224,Stuy Town/Peter Cooper Village,Manhattan,False,3595,11.55,23.7,0.07232267037552156,0.7905424200278164,True
2023-07,225,Stuyvesant Heights,Brooklyn,False,358,29.0,54.36,0.13966480446927373,0.41899441340782123,False
2023-07,226,Sunnyside,Queens,False,1774,16.63,38.01,0.06144306651634724,0.7260428410372041,True
2023-07,227,Sunset Park East,Brooklyn,False,62,32.22,54.76,0.12903225806451613,0.46774193548387094,False
2023-07,228,Sunset Park West,Brooklyn,False,189,29.17,51.08,0.037037037037037035,0.5873015873015873,False
2023-07,229,Sutton Place/Turtle Bay North,Manhattan,False,53070,10.1,21.72,0.17020915771622386,0.7641982287544752,True
2023-07,230,Times Sq/Theatre District,Manhattan,False,98923,13.0,31.07,0.21316579561881463,0.6325121559192504,True
2023-07,231,TriBeCa/Civic Center,Manhattan,False,37044,13.78,29.35,0.09253860274268437,0.733371126228269,True
2023-07,232,Two Bridges/Seward Park,Manhattan,False,3501,14.73,29.28,0.057126535275635534,0.7152242216509569,True
2023-07,233,UN/Turtle Bay South,Manhattan,False,38015,11.68,24.52,0.19373931342890965,0.7336051558595291,True
2023-07,234,Union Sq,Manhattan,False,76279,11.13,24.47,0.16253490475753485,0.700350030807955,True
2023-07,235,University Heights/Morris Heights,Bronx,False,145,32.7,71.55,0.19310344827586207,0.45517241379310347,False
2023-07,236,Upper East Side North,Manhattan,False,99735,9.42,22.93,0.08846443074146489,0.8360856269113149,True
2023-07,237,Upper East Side South,Manhattan,False,119085,8.98,21.6,0.15337783935844146,0.7874459419742201,True
2023-07,238,Upper West Side North,Manhattan,False,47153,9.52,22.63,0.024070578754268022,0.9061989693126631,True
2023-07,239,Upper West Side South,Manhattan,False,74749,9.78,23.22,0.03345864158717842,0.8790485491444702,True
2023-07,240,Van Cortlandt Park,Bronx,False,13,26.27,46.84,0.0,0.46153846153846156,False
2023-07,241,Van Cortlandt Village,Bronx,False,90,28.41,66.44,0.17777777777777778,0.4666666666666667,False
2023-07,242,Van Nest/Morris Park,Bronx,False,200,27.55,53.07,0.255,0.37,False
2023-07,243,Washington Heights North,Manhattan,False,370,19.2,41.3,0.05405405405405406,0.8162162162162162,False
2023-07,244,Washington Heights South,Manhattan,False,1676,15.63,35.0,0.046539379474940336,0.8353221957040573,True
2023-07,246,West Chelsea/Hudson Yards,Manhattan,False,48434,13.2,25.13,0.16469835239707645,0.6829912871123591,True
2023-07,247,West Concourse,Bronx,False,349,20.08,43.66,0.1489971346704871,0.6361031518624641,False
2023-07,248,West Farms/Bronx River,Bronx,False,56,26.33,58.54,0.10714285714285714,0.5178571428571429,False
2023-07,249,West Village,Manhattan,False,63840,11.33,24.8,0.08923872180451128,0.7026159147869674,True
2023-07,250,Westchester Village/Unionport,Bronx,False,78,27.66,53.12,0.23076923076923078,0.48717948717948717,False
2023-07,251,Westerleigh,Staten Island,False,1,6.7,6.7,0.0,1.0,False
2023-07,252,Whitestone,Queens,False,21,22.65,49.28,0.09523809523809523,0.8095238095238095,False
2023-07,253,Willets Point,Queens,False,4,23.72,34.52,0.0,1.0,False
2023-07,254,Williamsbridge/Olinville,Bronx,False,156,28.84,70.59,0.19230769230769232,0.5,False
2023-07,255,Williamsburg (North Side),Brooklyn,False,1194,19.38,33.86,0.04355108877721943,0.5896147403685092,True
2023-07,256,Williamsburg (South Side),Brooklyn,False,963,18.22,35.03,0.0529595015576324,0.6375908618899273,False
2023-07,257,Windsor Terrace,Brooklyn,False,55,23.77,54.0,0.05454545454545454,0.7272727272727273,False
2023-07,258,Woodhaven,Queens,False,87,25.0,51.41,0.10344827586206896,0.5517241379310345,False
2023-07,259,Woodlawn/Wakefield,Bronx,False,74,27.28,66.09,0.06756756756756757,0.6351351351351351,False
2023-07,260,Woodside,Queens,False,601,14.73,37.45,0.1064891846921797,0.740432612312812,False
2023-07,261,World Trade Center,Manhattan,False,17371,18.22,34.27,0.09417995509757641,0.6899430084623799,True
2023-07,262,Yorkville East,Manhattan,False,33660,9.88,21.35,0.04393939393939394,0.8981877599524658,True
2023-07,263,Yorkville West,Manhattan,False,50386,8.78,21.51,0.0504703687532251,0.8901282102171238,True
2023-07,264,,Unknown,False,25877,12.52,33.3,0.12246396413803765,0.7367160026278162,True
2023-07,265,Outside of NYC,,False,1156,23.97,60.46,0.11764705882352941,0.5942906574394463,True
2023-08,1,Newark Airport,EWR,True,68,1.23,37.75,0.1323529411764706,0.9705882352941176,False
2023-08,2,Jamaica Bay,Queens,False,3,26.1,39.09,0.0,0.6666666666666666,False
2023-08,3,Allerton/Pelham Gardens,Bronx,False,63,23.07,60.84,0.1111111111111111,0.49206349206349204,False
2023-08,4,Alphabet City,Manhattan,False,2934,12.7,25.28,0.04703476482617587,0.7157464212678937,True
2023-08,5,Arden Heights,Staten Island,False,17,55.12,105.44,0.058823529411764705,0.29411764705882354,False
2023-08,6,Arrochar/Fort Wadsworth,Staten Island,False,24,0.36,1.03,0.0,1.0,False
2023-08,7,Astoria,Queens,False,1529,15.2,34.23,0.06540222367560497,0.7285807717462394,True
2023-08,8,Astoria Park,Queens,False,12,14.82,23.14,0.0,0.9166666666666666,False
2023-08,9,Auburndale,Queens,False,39,19.23,55.79,0.07692307692307693,0.5384615384615384,False
2023-08,10,Baisley Park,Queens,False,876,39.27,63.23,0.05365296803652968,0.6073059360730594,False
2023-08,11,Bath Beach,Brooklyn,False,59,30.62,46.35,0.06779661016949153,0.711864406779661,False
2023-08,12,Battery Park,Manhattan,False,2068,19.4,32.27,0.05222437137330754,0.7852998065764023,True
2023-08,13,Battery Park City,Manhattan,False,18364,16.03,29.85,0.03898932694402091,0.8306469178828142,True
2023-08,14,Bay Ridge,Brooklyn,False,234,36.39,63.17,0.04700854700854701,0.5982905982905983,False
2023-08,15,Bay Terrace/Fort Totten,Queens,False,27,31.08,58.7,0.0,0.6666666666666666,False
2023-08,16,Bayside,Queens,False,47,29.63,61.85,0.14893617021276595,0.5319148936170213,False
2023-08,17,Bedford,Brooklyn,False,400,25.74,50.45,0.13,0.465,False
2023-08,18,Bedford Park,Bronx,False,137,36.68,68.16,0.17518248175182483,0.3722627737226277,False
2023-08,19,Bellerose,Queens,False,68,26.95,65.88,0.029411764705882353,0.6470588235294118,False
2023-08,20,Belmont,Bronx,False,74,31.93,64.76,0.22972972972972974,0.43243243243243246,False
2023-08,21,Bensonhurst East,Brooklyn,False,88,38.18,69.97,0.06818181818181818,0.375,False
2023-08,22,Bensonhurst West,Brooklyn,False,79,46.5,73.11,0.11392405063291139,0.3670886075949367,False
2023-08,23,Bloomfield/Emerson Hill,Staten Island,False,12,54.97,81.81,0.0,0.6666666666666666,False
2023-08,24,Bloomingdale,Manhattan,False,6409,11.43,26.19,0.022468403807146202,0.861288812607271,True
2023-08,25,Boerum Hill,Brooklyn,False,980,19.07,43.95,0.10408163265306122,0.6244897959183674,False
2023-08,26,Borough Park,Brooklyn,False,94,37.47,78.33,0.13829787234042554,0.3723404255319149,False
2023-08,27,Breezy Point/Fort Tilden/Riis Beach,Queens,False,4,73.7,80.13,0.0,0.0,False
2023-08,28,Briarwood/Jamaica Hills,Queens,False,256,24.95,50.84,0.1015625,0.7265625,False
2023-08,29,Brighton Beach,Brooklyn,False,89,48.57,82.83,0.06741573033707865,0.48314606741573035,False
2023-08,30,Broad Channel,Queens,False,1,57.35,57.35,0.0,0.0,False
2023-08,31,Bronx Park,Bronx,False,18,35.2,43.92,0.0,0.6666666666666666,False
2023-08,32,Bronxdale,Bronx,False,108,31.06,69.5,0.2222222222222222,0.35185185185185186,False
2023-08,33,Brooklyn Heights,Brooklyn,False,1417,18.73,35.24,0.04728299223712068,0.7558221594918842,True
2023-08,34,Brooklyn Navy Yard,Brooklyn,False,28,23.9,43.58,0.0,0.7142857142857143,False
2023-08,35,Brownsville,Brooklyn,False,269,35.13,70.4,0.2825278810408922,0.20817843866171004,False
2023-08,36,Bushwick North,Brooklyn,False,298,23.6,38.47,0.050335570469798654,0.5973154362416108,False
2023-08,37,Bushwick South,Brooklyn,False,415,28.35,49.8,0.0746987951807229,0.4,False
2023-08,38,Cambria Heights,Queens,False,104,34.06,62.51,0.07692307692307693,0.5769230769230769,False
2023-08,39,Canarsie,Brooklyn,False,310,36.42,70.23,0.1774193548387097,0.35161290322580646,False
2023-08,40,Carroll Gardens,Brooklyn,False,343,18.38,32.03,0.11661807580174927,0.6676384839650146,False
2023-08,41,Central Harlem,Manhattan,False,6025,10.78,28.28,0.05493775933609959,0.8336929460580913,True
2023-08,42,Central Harlem North,Manhattan,False,2647,13.53,34.75,0.08046845485455233,0.7744616547034379,True
2023-08,43,Central Park,Manhattan,False,44501,11.5,25.48,0.11179524055639199,0.7688591267611964,True
2023-08,44,Charleston/Tottenville,Staten Island,False,13,51.47,91.33,0.15384615384615385,0.46153846153846156,False
2023-08,45,Chinatown,Manhattan,False,4209,15.72,32.74,0.10049893086243764,0.6562128771679734,True
2023-08,46,City Island,Bronx,False,12,26.21,56.44,0.08333333333333333,0.5,False
2023-08,47,Claremont/Bathgate,Bronx,False,120,26.37,59.76,0.21666666666666667,0.4166666666666667,False
2023-08,48,Clinton East,Manhattan,False,74224,11.0,25.38,0.146233024358698,0.7183256089674499,True
2023-08,49,Clinton Hill,Brooklyn,False,450,22.99,49.26,0.1288888888888889,0.5533333333333333,False
2023-08,50,Clinton West,Manhattan,False,19019,11.15,24.0,0.11251905988748094,0.7784320942215679,True
2023-08,51,Co-Op City,Bronx,False,326,34.88,67.28,0.16257668711656442,0.3496932515337423,False
2023-08,52,Cobble Hill,Brooklyn,False,484,18.34,34.69,0.09090909090909091,0.6838842975206612,False
2023-08,53,College Point,Queens,False,53,32.08,57.72,0.1509433962264151,0.5849056603773585,False
2023-08,54,Columbia Street,Brooklyn,False,68,16.96,37.48,0.08823529411764706,0.7794117647058824,False
2023-08,55,Coney Island,Brooklyn,False,186,49.37,82.26,0.0913978494623656,0.4032258064516129,False
2023-08,56,Corona,Queens,False,157,24.42,52.99,0.14012738853503184,0.5159235668789809,False
2023-08,57,Corona,Queens,False,11,17.3,40.35,0.0,0.9090909090909091,False
2023-08,58,Country Club,Bronx,False,10,13.73,21.28,0.1,0.7,False
2023-08,59,Crotona Park,Bronx,False,3,13.85,37.94,0.0,0.6666666666666666,False
2023-08,60,Crotona Park East,Bronx,False,72,24.83,57.74,0.2777777777777778,0.3611111111111111,False
2023-08,61,Crown Heights North,Brooklyn,False,734,28.4,53.19,0.1553133514986376,0.46185286103542234,False
2023-08,62,Crown Heights South,Brooklyn,False,224,29.83,59.1,0.21875,0.3705357142857143,False
2023-08,63,Cypress Hills,Brooklyn,False,66,30.35,63.37,0.13636363636363635,0.48484848484848486,False
2023-08,64,Douglaston,Queens,False,23,17.73,42.63,0.0,0.9130434782608695,False
2023-08,65,Downtown Brooklyn/MetroTech,Brooklyn,False,1809,17.38,35.44,0.04477611940298507,0.7844112769485904,True
2023-08,66,DUMBO/Vinegar Hill,Brooklyn,False,979,19.0,33.3,0.045965270684371805,0.7242083758937692,False
2023-08,67,Dyker Heights,Brooklyn,False,46,29.48,54.58,0.06521739130434782,0.6521739130434783,False
2023-08,68,East Chelsea,Manhattan,False,76188,13.93,28.58,0.18103900876778495,0.6359269176248228,True
2023-08,69,East Concourse/Concourse Village,Bronx,False,266,26.83,57.62,0.21052631578947367,0.41729323308270677,False
2023-08,70,East Elmhurst,Queens,False,13093,26.8,43.78,0.006873902085083632,0.819369128541969,True
2023-08,71,East Flatbush/Farragut,Brooklyn,False,199,28.82,61.02,0.2562814070351759,0.2613065326633166,False
2023-08,72,East Flatbush/Remsen Village,Brooklyn,False,250,32.21,58.68,0.224,0.276,False
2023-08,73,East Flushing,Queens,False,21,21.72,55.43,0.19047619047619047,0.5238095238095238,False
2023-08,74,East Harlem North,Manhattan,False,5823,10.63,25.83,0.04842864502833591,0.8636441696719904,True
2023-08,75,East Harlem South,Manhattan,False,15333,10.0,25.63,0.05034892062870932,0.8635622513532903,True
2023-08,76,East New York,Brooklyn,False,359,33.32,68.4,0.16991643454038996,0.3593314763231198,False
2023-08,77,East New York/Pennsylvania Avenue,Brooklyn,False,97,31.47,61.22,0.21649484536082475,0.27835051546391754,False
2023-08,78,East Tremont,Bronx,False,135,26.07,64.04,0.24444444444444444,0.4,False
2023-08,79,East Village,Manhattan,False,62320,11.2,23.22,0.057654043645699614,0.7648748395378691,True
2023-08,80,East Williamsburg,Brooklyn,False,701,20.48,35.32,0.0442225392296719,0.6733238231098431,False
2023-08,81,Eastchester,Bronx,False,69,33.48,64.74,0.10144927536231885,0.463768115942029,False
2023-08,82,Elmhurst,Queens,False,407,18.58,44.84,0.15233415233415235,0.6044226044226044,False
2023-08,83,Elmhurst/Maspeth,Queens,False,123,15.95,38.97,0.08943089430894309,0.6910569105691057,False
2023-08,85,Erasmus,Brooklyn,False,122,28.2,65.07,0.14754098360655737,0.45901639344262296,False
2023-08,86,Far Rockaway,Queens,False,138,56.59,80.53,0.13768115942028986,0.2753623188405797,False
2023-08,87,Financial District North,Manhattan,False,16522,16.12,30.5,0.05749909211959811,0.7913085582859218,True
2023-08,88,Financial District South,Manhattan,False,8683,17.3,31.2,0.04871588160773926,0.8038696303121041,True
2023-08,89,Flatbush/Ditmas Park,Brooklyn,False,428,30.65,56.52,0.16121495327102803,0.441588785046729,False
2023-08,90,Flatiron,Manhattan,False,44633,10.5,24.62,0.13288374072995318,0.7333139157125893,True
2023-08,91,Flatlands,Brooklyn,False,230,31.33,59.63,0.16521739130434782,0.34782608695652173,False
2023-08,92,Flushing,Queens,False,174,26.35,50.67,0.1724137931034483,0.5632183908045977,False
2023-08,93,Flushing Meadows-Corona Park,Queens,False,859,24.67,44.23,0.015133876600698487,0.8090803259604191,False
2023-08,94,Fordham South,Bronx,False,58,29.82,54.79,0.2413793103448276,0.2413793103448276,False
2023-08,95,Forest Hills,Queens,False,420,21.08,47.54,0.13095238095238096,0.6357142857142857,False
2023-08,96,Forest Park/Highland Park,Queens,False,11,13.02,26.4,0.0,1.0,False
2023-08,97,Fort Greene,Brooklyn,False,1081,17.12,38.08,0.10545790934320073,0.6641998149861239,True
2023-08,98,Fresh Meadows,Queens,False,43,22.18,48.59,0.13953488372093023,0.6511627906976745,False
2023-08,99,Freshkills Park,Staten Island,False,2,10.77,18.17,0.0,1.0,False
2023-08,100,Garment District,Manhattan,False,50897,12.22,27.15,0.23217478436843036,0.6289565200306502,True
2023-08,101,Glen Oaks,Queens,False,23,29.0,51.04,0.08695652173913043,0.6956521739130435,False
2023-08,102,Glendale,Queens,False,66,22.04,49.78,0.24242424242424243,0.3939393939393939,False
2023-08,105,Governor's Island/Ellis Island/Liberty Island,Manhattan,False,2,10.88,12.55,0.0,1.0,False
2023-08,106,Gowanus,Brooklyn,False,118,22.09,40.37,0.05084745762711865,0.6271186440677966,False
2023-08,107,Gramercy,Manhattan,False,55778,10.48,22.37,0.09890996450213346,0.7803435046075514,True
2023-08,108,Gravesend,Brooklyn,False,53,45.22,71.16,0.09433962264150944,0.41509433962264153,False
2023-08,109,Great Kills,Staten Island,False,3,16.88,30.87,0.6666666666666666,0.3333333333333333,False
2023-08,111,Green-Wood Cemetery,Brooklyn,False,1,0.37,0.37,0.0,1.0,False
2023-08,112,Greenpoint,Brooklyn,False,494,18.68,34.06,0.020242914979757085,0.6781376518218624,False
2023-08,113,Greenwich Village North,Manhattan,False,37085,11.07,25.1,0.10564918430632331,0.7186733180531212,True
2023-08,114,Greenwich Village South,Manhattan,False,37023,11.38,24.57,0.06625611106609405,0.7172568403424898,True
2023-08,115,Grymes Hill/Clifton,Staten Island,False,1,13.37,13.37,0.0,1.0,False
2023-08,116,Hamilton Heights,Manhattan,False,1722,14.21,31.2,0.04994192799070848,0.8252032520325203,True
2023-08,117,Hammels/Arverne,Queens,False,131,57.03,86.83,0.0916030534351145,0.29770992366412213,False
2023-08,118,Heartland Village/Todt Hill,Staten Island,False,1,40.9,40.9,0.0,1.0,False
2023-08,119,Highbridge,Bronx,False,179,23.25,46.92,0.2011173184357542,0.5251396648044693,False
2023-08,120,Highbridge Park,Manhattan,False,9,16.8,23.02,0.1111111111111111,0.7777777777777778,False
2023-08,121,Hillcrest/Pomonok,Queens,False,167,27.1,54.85,0.17365269461077845,0.5568862275449101,False
2023-08,122,Hollis,Queens,False,73,28.47,56.23,0.1232876712328767,0.5616438356164384,False
2023-08,123,Homecrest,Brooklyn,False,74,31.05,59.24,0.1891891891891892,0.43243243243243246,False
2023-08,124,Howard Beach,Queens,False,113,24.77,53.29,0.08849557522123894,0.6371681415929203,False
2023-08,125,Hudson Sq,Manhattan,False,13721,11.33,26.35,0.05917936010494862,0.7638656074630129,True
2023-08,126,Hunts Point,Bronx,False,65,21.72,45.53,0.2153846153846154,0.6,False
2023-08,127,Inwood,Manhattan,False,200,22.23,68.51,0.055,0.7,False
2023-08,128,Inwood Hill Park,Manhattan,False,18,21.88,44.83,0.0,0.8333333333333334,False
2023-08,129,Jackson Heights,Queens,False,672,16.23,39.89,0.11755952380952381,0.7202380952380952,False
2023-08,130,Jamaica,Queens,False,477,27.57,53.7,0.1090146750524109,0.660377358490566,False
2023-08,131,Jamaica Estates,Queens,False,103,30.43,59.09,0.18446601941747573,0.5436893203883495,False
2023-08,132,JFK Airport,Queens,True,169369,40.05,62.02,0.008177411450737738,0.6607348452196092,True
2023-08,133,Kensington,Brooklyn,False,103,26.47,59.67,0.05825242718446602,0.5145631067961165,False
2023-08,134,Kew Gardens,Queens,False,250,16.33,42.19,0.08,0.812,False
2023-08,135,Kew Gardens Hills,Queens,False,115,22.73,50.64,0.1391304347826087,0.6173913043478261,False
2023-08,136,Kingsbridge Heights,Bronx,False,92,28.93,64.88,0.07608695652173914,0.41304347826086957,False
2023-08,137,Kips Bay,Manhattan,False,30602,10.15,22.33,0.11375073524606234,0.8006666230965296,True
2023-08,138,LaGuardia Airport,Queens,False,103761,27.3,43.92,0.003835737897668681,0.822476653077746,True
2023-08,139,Laurelton,Queens,False,126,42.72,73.99,0.09523809523809523,0.49206349206349204,False
2023-08,140,Lenox Hill East,Manhattan,False,54898,10.75,23.0,0.09187948559146053,0.8276622099165726,True
2023-08,141,Lenox Hill West,Manhattan,False,63220,9.27,20.92,0.10366972477064221,0.8361436254349889,True
2023-08,142,Lincoln Square East,Manhattan,False,79391,10.02,22.3,0.06572533410588102,0.830837248554622,True
2023-08,143,Lincoln Square West,Manhattan,False,26988,9.78,21.65,0.04357492218763895,0.8733140655105973,True
2023-08,144,Little Italy/NoLiTa,Manhattan,False,26448,13.6,27.72,0.08647156684815487,0.6811479128856625,True
2023-08,145,Long Island City/Hunters Point,Queens,False,1386,16.55,39.97,0.03751803751803752,0.7611832611832612,True
2023-08,146,Long Island City/Queens Plaza,Queens,False,1476,13.53,30.05,0.037940379403794036,0.8035230352303523,True
2023-08,147,Longwood,Bronx,False,60,24.55,70.18,0.3333333333333333,0.38333333333333336,False
2023-08,148,Lower East Side,Manhattan,False,29101,12.72,25.38,0.05401876224184736,0.7211779663929074,True
2023-08,149,Madison,Brooklyn,False,59,35.6,67.09,0.1694915254237288,0.5084745762711864,False
2023-08,150,Manhattan Beach,Brooklyn,False,34,41.0,72.99,0.029411764705882353,0.47058823529411764,False
2023-08,151,Manhattan Valley,Manhattan,False,20475,10.17,23.27,0.024322344322344324,0.8976800976800977,True
2023-08,152,Manhattanville,Manhattan,False,1542,12.07,27.47,0.04474708171206226,0.8599221789883269,True
2023-08,153,Marble Hill,Manhattan,False,32,30.09,55.17,0.03125,0.65625,False
2023-08,154,Marine Park/Floyd Bennett Field,Brooklyn,False,32,11.31,26.8,0.0,0.9375,False
2023-08,155,Marine Park/Mill Basin,Brooklyn,False,100,29.4,67.79,0.12,0.41,False
2023-08,157,Maspeth,Queens,False,172,17.85,38.13,0.09302325581395349,0.7616279069767442,False
2023-08,158,Meatpacking/West Village West,Manhattan,False,26127,12.87,25.67,0.0690090710758985,0.7145098939794082,True
2023-08,159,Melrose South,Bronx,False,203,24.72,49.43,0.2019704433497537,0.46798029556650245,False
2023-08,160,Middle Village,Queens,False,71,21.93,46.98,0.16901408450704225,0.6338028169014085,False
2023-08,161,Midtown Center,Manhattan,False,134236,12.17,25.68,0.22873148782740846,0.6668702881492297,True
2023-08,162,Midtown East,Manhattan,False,101889,11.45,23.78,0.18189402192582124,0.7311976759022073,True
2023-08,163,Midtown North,Manhattan,False,77054,11.48,26.83,0.18380616191242505,0.7040257481766035,True
2023-08,164,Midtown South,Manhattan,False,67717,11.7,24.75,0.1926694921511585,0.6900039871819484,True
2023-08,165,Midwood,Brooklyn,False,122,37.02,78.1,0.2786885245901639,0.22131147540983606,False
2023-08,166,Morningside Heights,Manhattan,False,10576,12.37,27.2,0.028555219364599094,0.8392586989409985,True
2023-08,167,Morrisania/Melrose,Bronx,False,141,27.57,52.98,0.2553191489361702,0.3191489361702128,False
2023-08,168,Mott Haven/Port Morris,Bronx,False,311,17.83,43.9,0.18971061093247588,0.6591639871382636,False
2023-08,169,Mount Hope,Bronx,False,139,27.3,57.76,0.2158273381294964,0.381294964028777,False
2023-08,170,Murray Hill,Manhattan,False,87642,11.63,23.85,0.18953241596494833,0.7246297437301751,True
2023-08,171,Murray Hill-Queens,Queens,False,37,28.7,48.28,0.1891891891891892,0.3783783783783784,False
2023-08,173,North Corona,Queens,False,57,17.98,45.32,0.14035087719298245,0.6491228070175439,False
2023-08,174,Norwood,Bronx,False,131,26.78,66.2,0.24427480916030533,0.3816793893129771,False
2023-08,175,Oakland Gardens,Queens,False,29,18.97,44.53,0.13793103448275862,0.7241379310344828,False
2023-08,177,Ocean Hill,Brooklyn,False,211,33.53,52.0,0.1848341232227488,0.3744075829383886,False
2023-08,178,Ocean Parkway South,Brooklyn,False,22,28.81,76.81,0.18181818181818182,0.5454545454545454,False
2023-08,179,Old Astoria,Queens,False,479,13.92,39.7,0.08977035490605428,0.7181628392484343,False
2023-08,180,Ozone Park,Queens,False,58,29.43,56.94,0.06896551724137931,0.603448275862069,False
2023-08,181,Park Slope,Brooklyn,False,842,20.32,46.43,0.07719714964370546,0.5724465558194775,False
2023-08,182,Parkchester,Bronx,False,135,28.78,50.8,0.23703703703703705,0.3851851851851852,False
2023-08,183,Pelham Bay,Bronx,False,41,31.57,63.5,0.12195121951219512,0.4878048780487805,False
2023-08,184,Pelham Bay Park,Bronx,False,7,26.18,40.22,0.14285714285714285,0.7142857142857143,False
2023-08,185,Pelham Parkway,Bronx,False,94,24.93,46.58,0.22340425531914893,0.5,False
2023-08,186,Penn Station/Madison Sq West,Manhattan,False,103290,14.1,28.57,0.2502952851195663,0.5728821763965534,True
2023-08,187,Port Richmond,Staten Island,False,1,24.33,24.33,0.0,1.0,False
2023-08,188,Prospect-Lefferts Gardens,Brooklyn,False,433,30.93,56.01,0.19861431870669746,0.3672055427251732,False
2023-08,189,Prospect Heights,Brooklyn,False,298,21.2,42.13,0.08053691275167785,0.5671140939597316,False
2023-08,190,Prospect Park,Brooklyn,False,52,24.32,42.29,0.038461538461538464,0.5,False
2023-08,191,Queens Village,Queens,False,154,34.17,66.2,0.09740259740259741,0.5909090909090909,False
2023-08,192,Queensboro Hill,Queens,False,48,19.88,37.56,0.16666666666666666,0.6666666666666666,False
2023-08,193,Queensbridge/Ravenswood,Queens,False,546,14.01,37.43,0.1794871794871795,0.7527472527472527,False
2023-08,194,Randalls Island,Manhattan,False,264,19.86,33.66,0.007575757575757576,0.8863636363636364,False
2023-08,195,Red Hook,Brooklyn,False,570,32.37,49.91,0.017543859649122806,0.6491228070175439,False
2023-08,196,Rego Park,Queens,False,183,21.45,42.47,0.12568306010928962,0.6885245901639344,False
2023-08,197,Richmond Hill,Queens,False,350,25.08,56.73,0.09142857142857143,0.66,False
2023-08,198,Ridgewood,Queens,False,114,26.7,54.89,0.19298245614035087,0.45614035087719296,False
2023-08,199,Rikers Island,Bronx,False,1,32.78,32.78,0.0,1.0,False
2023-08,200,Riverdale/North Riverdale/Fieldston,Bronx,False,56,26.83,66.38,0.07142857142857142,0.6964285714285714,False
2023-08,201,Rockaway Park,Queens,False,28,47.43,76.05,0.10714285714285714,0.25,False
2023-08,202,Roosevelt Island,Manhattan,False,102,21.01,44.41,0.06862745098039216,0.696078431372549,False
2023-08,203,Rosedale,Queens,False,124,32.49,64.61,0.04838709677419355,0.5,False
2023-08,205,Saint Albans,Queens,False,249,35.23,64.56,0.11646586345381527,0.40160642570281124,False
2023-08,207,Saint Michaels Cemetery/Woodside,Queens,False,32,21.65,46.37,0.15625,0.75,False
2023-08,208,Schuylerville/Edgewater Park,Bronx,False,103,31.72,59.02,0.1553398058252427,0.42718446601941745,False
2023-08,209,Seaport,Manhattan,False,6421,15.45,29.17,0.0666562840679022,0.7807195140943778,True
2023-08,210,Sheepshead Bay,Brooklyn,False,103,48.6,77.77,0.1262135922330097,0.36893203883495146,False
2023-08,211,SoHo,Manhattan,False,21183,12.7,27.18,0.08912807439928244,0.7058018222159279,True
2023-08,212,Soundview/Bruckner,Bronx,False,88,30.43,63.02,0.14772727272727273,0.45454545454545453,False
2023-08,213,Soundview/Castle Hill,Bronx,False,217,26.18,51.54,0.18433179723502305,0.5345622119815668,False
2023-08,214,South Beach/Dongan Hills,Staten Island,False,21,40.57,49.5,0.0,0.5238095238095238,False
2023-08,215,South Jamaica,Queens,False,371,34.57,55.95,0.07816711590296496,0.6819407008086253,False
2023-08,216,South Ozone Park,Queens,False,443,12.52,53.03,0.08803611738148984,0.7720090293453724,False
2023-08,217,South Williamsburg,Brooklyn,False,84,16.13,42.36,0.13095238095238096,0.6428571428571429,False
2023-08,218,Springfield Gardens North,Queens,False,226,36.3,66.16,0.18141592920353983,0.37610619469026546,False
2023-08,219,Springfield Gardens South,Queens,False,329,35.02,64.63,0.03343465045592705,0.6352583586626139,False
2023-08,220,Spuyten Duyvil/Kingsbridge,Bronx,False,120,25.44,47.34,0.08333333333333333,0.675,False
2023-08,221,Stapleton,Staten Island,False,3,31.15,31.75,0.0,1.0,False
2023-08,222,Starrett City,Brooklyn,False,144,41.28,70.79,0.22916666666666666,0.24305555555555555,False
2023-08,223,Steinway,Queens,False,604,17.67,45.27,0.041390728476821195,0.8162251655629139,False
2023-08,224,Stuy Town/Peter Cooper Village,Manhattan,False,3294,11.67,23.61,0.06557377049180328,0.8075288403157256,True
2023-08,225,Stuyvesant Heights,Brooklyn,False,387,29.7,52.19,0.17054263565891473,0.3359173126614987,False
2023-08,226,Sunnyside,Queens,False,1878,17.28,39.7,0.05750798722044728,0.7332268370607029,True
2023-08,227,Sunset Park East,Brooklyn,False,63,36.97,65.14,0.1111111111111111,0.4444444444444444,False
2023-08,228,Sunset Park West,Brooklyn,False,219,26.32,51.02,0.091324200913242,0.6073059360730594,False
2023-08,229,Sutton Place/Turtle Bay North,Manhattan,False,51803,9.8,21.05,0.14022353917726774,0.7922514140107716,True
2023-08,230,Times Sq/Theatre District,Manhattan,False,93652,13.24,32.32,0.20711784051595267,0.6263614231409901,True
2023-08,231,TriBeCa/Civic Center,Manhattan,False,36269,13.98,28.39,0.08409385425570046,0.7499517494278861,True
2023-08,232,Two Bridges/Seward Park,Manhattan,False,3635,15.28,29.12,0.06327372764786796,0.7202200825309492,True
2023-08,233,UN/Turtle Bay South,Manhattan,False,35733,11.38,23.62,0.16505750986483084,0.7623205440349257,True
2023-08,234,Union Sq,Manhattan,False,73453,10.98,23.51,0.13399044286822867,0.7237825548309803,True
2023-08,235,University Heights/Morris Heights,Bronx,False,174,30.57,63.58,0.1724137931034483,0.367816091954023,False
2023-08,236,Upper East Side North,Manhattan,False,95503,9.42,22.25,0.07291917531386449,0.8489052699915186,True
2023-08,237,Upper East Side South,Manhattan,False,116399,8.98,21.17,0.13787060026288886,0.8020000171822782,True
2023-08,238,Upper West Side North,Manhattan,False,46788,9.92,23.02,0.02438659485338121,0.8991835513379499,True
2023-08,239,Upper West Side South,Manhattan,False,70854,10.05,23.32,0.032489344285432015,0.876210235131397,True
2023-08,240,Van Cortlandt Park,Bronx,False,9,24.05,38.12,0.1111111111111111,0.7777777777777778,False
2023-08,241,Van Cortlandt Village,Bronx,False,120,30.78,63.37,0.18333333333333332,0.48333333333333334,False
2023-08,242,Van Nest/Morris Park,Bronx,False,220,24.88,50.11,0.18636363636363637,0.4772727272727273,False
2023-08,243,Washington Heights North,Manhattan,False,395,19.75,40.23,0.07088607594936709,0.779746835443038,False
2023-08,244,Washington Heights South,Manhattan,False,1545,16.63,34.63,0.04983818770226537,0.8252427184466019,True
2023-08,246,West Chelsea/Hudson Yards,Manhattan,False,47720,12.83,24.12,0.14404861693210394,0.7067267393126572,True
2023-08,247,West Concourse,Bronx,False,361,22.6,46.08,0.11080332409972299,0.6177285318559557,False
2023-08,248,West Farms/Bronx River,Bronx,False,78,26.46,54.56,0.28205128205128205,0.47435897435897434,False
2023-08,249,West Village,Manhattan,False,62715,11.23,24.33,0.07508570517420075,0.7147093996651519,True
2023-08,250,Westchester Village/Unionport,Bronx,False,80,23.53,62.48,0.15,0.5125,False
2023-08,251,Westerleigh,Staten Island,False,3,65.92,90.7,0.0,0.3333333333333333,False
2023-08,252,Whitestone,Queens,False,45,26.17,51.24,0.044444444444444446,0.6888888888888889,False
2023-08,253,Willets Point,Queens,False,11,31.22,63.17,0.0,0.7272727272727273,False
2023-08,254,Williamsbridge/Olinville,Bronx,False,196,28.28,60.55,0.20918367346938777,0.45918367346938777,False
2023-08,255,Williamsburg (North Side),Brooklyn,False,901,19.33,33.7,0.03440621531631521,0.5782463928967814,False
2023-08,256,Williamsburg (South Side),Brooklyn,False,738,18.0,36.26,0.03523035230352303,0.6300813008130082,False
2023-08,257,Windsor Terrace,Brooklyn,False,58,26.04,63.42,0.034482758620689655,0.6206896551724138,False
2023-08,258,Woodhaven,Queens,False,90,24.38,48.28,0.15555555555555556,0.4222222222222222,False
2023-08,259,Woodlawn/Wakefield,Bronx,False,106,31.53,73.96,0.14150943396226415,0.4716981132075472,False
2023-08,260,Woodside,Queens,False,545,14.05,37.59,0.10642201834862386,0.7394495412844037,False
2023-08,261,World Trade Center,Manhattan,False,16193,18.17,33.05,0.07719384919409622,0.7107392082998827,True
2023-08,262,Yorkville East,Manhattan,False,33798,9.95,20.85,0.036629386354222145,0.9033670631398307,True
2023-08,263,Yorkville West,Manhattan,False,48448,9.07,21.45,0.04786575297225892,0.8884783685601056,True
2023-08,264,,Unknown,False,22441,12.63,33.27,0.11438884185196738,0.7416336170402389,True
2023-08,265,Outside of NYC,,False,1090,15.85,60.32,0.11192660550458716,0.6449541284403669,True
2023-09,1,Newark Airport,EWR,True,80,0.91,39.54,0.2125,0.8875,False
2023-09,2,Jamaica Bay,Queens,False,2,55.62,82.8,0.0,0.5,False
2023-09,3,Allerton/Pelham Gardens,Bronx,False,48,35.36,66.73,0.1875,0.375,False
2023-09,4,Alphabet City,Manhattan,False,3034,13.25,27.01,0.0992089650626236,0.6367831245880027,True
2023-09,6,Arrochar/Fort Wadsworth,Staten Island,False,22,0.98,27.02,0.045454545454545456,0.8636363636363636,False
2023-09,7,Astoria,Queens,False,1228,13.27,38.57,0.11644951140065146,0.7011400651465798,True
2023-09,8,Astoria Park,Queens,False,20,21.17,48.37,0.05,0.65,False
2023-09,9,Auburndale,Queens,False,37,24.28,37.77,0.13513513513513514,0.7027027027027027,False
2023-09,10,Baisley Park,Queens,False,847,43.37,73.14,0.049586776859504134,0.5301062573789846,False
2023-09,11,Bath Beach,Brooklyn,False,25,33.72,101.09,0.04,0.56,False
2023-09,12,Battery Park,Manhattan,False,1264,20.53,40.53,0.07990506329113924,0.6724683544303798,True
2023-09,13,Battery Park City,Manhattan,False,17256,17.63,36.4,0.06786045433472415,0.7096082522021326,True
2023-09,14,Bay Ridge,Brooklyn,False,187,32.57,69.73,0.0962566844919786,0.5187165775401069,False
2023-09,15,Bay Terrace/Fort Totten,Queens,False,16,35.69,57.49,0.125,0.375,False
2023-09,16,Bayside,Queens,False,37,32.33,71.21,0.10810810810810811,0.4594594594594595,False
2023-09,17,Bedford,Brooklyn,False,359,26.37,54.52,0.21448467966573817,0.467966573816156,False
2023-09,18,Bedford Park,Bronx,False,128,30.24,59.43,0.296875,0.359375,False
2023-09,19,Bellerose,Queens,False,69,25.88,70.75,0.07246376811594203,0.6376811594202898,False
2023-09,20,Belmont,Bronx,False,64,27.85,70.52,0.296875,0.34375,False
2023-09,21,Bensonhurst East,Brooklyn,False,58,46.29,95.21,0.25862068965517243,0.29310344827586204,False
2023-09,22,Bensonhurst West,Brooklyn,False,85,42.38,94.47,0.16470588235294117,0.4588235294117647,False
2023-09,23,Bloomfield/Emerson Hill,Staten Island,False,4,12.43,24.37,0.0,1.0,False
2023-09,24,Bloomingdale,Manhattan,False,6555,11.68,29.29,0.041952707856598014,0.7967963386727689,True
2023-09,25,Boerum Hill,Brooklyn,False,1139,21.0,49.4,0.1466198419666374,0.568920105355575,True
2023-09,26,Borough Park,Brooklyn,False,61,38.3,80.18,0.4426229508196721,0.2459016393442623,False
2023-09,27,Breezy Point/Fort Tilden/Riis Beach,Queens,False,2,16.09,18.55,0.0,1.0,False
2023-09,28,Briarwood/Jamaica Hills,Queens,False,225,26.58,52.49,0.09333333333333334,0.6977777777777778,False
2023-09,29,Brighton Beach,Brooklyn,False,79,58.17,114.72,0.20253164556962025,0.34177215189873417,False
2023-09,30,Broad Channel,Queens,False,5,25.1,62.54,0.0,0.8,False
2023-09,31,Bronx Park,Bronx,False,10,29.03,47.56,0.1,0.6,False
2023-09,32,Bronxdale,Bronx,False,62,31.27,77.06,0.24193548387096775,0.3870967741935484,False
2023-09,33,Brooklyn Heights,Brooklyn,False,1579,21.2,42.82,0.08929702343255225,0.6339455351488283,True
2023-09,34,Brooklyn Navy Yard,Brooklyn,False,58,20.52,37.7,0.1724137931034483,0.5689655172413793,False
2023-09,35,Brownsville,Brooklyn,False,258,36.65,74.8,0.375968992248062,0.20930232558139536,False
2023-09,36,Bushwick North,Brooklyn,False,251,24.78,43.45,0.08366533864541832,0.47410358565737054,False
2023-09,37,Bushwick South,Brooklyn,False,353,27.47,55.43,0.13314447592067988,0.4447592067988669,False
2023-09,38,Cambria Heights,Queens,False,76,39.83,72.91,0.10526315789473684,0.40789473684210525,False
2023-09,39,Canarsie,Brooklyn,False,282,39.33,85.81,0.2127659574468085,0.24822695035460993,False
2023-09,40,Carroll Gardens,Brooklyn,False,356,17.7,43.73,0.22752808988764045,0.49719101123595505,False
2023-09,41,Central Harlem,Manhattan,False,6050,11.18,30.44,0.08462809917355373,0.7753719008264462,True
2023-09,42,Central Harlem North,Manhattan,False,2223,13.75,42.54,0.11785874943769681,0.7017543859649122,True
2023-09,43,Central Park,Manhattan,False,41845,12.2,29.22,0.21130362050424184,0.6638308041582028,True
2023-09,45,Chinatown,Manhattan,False,4049,16.15,38.5,0.18671276858483576,0.5670535934798716,True
2023-09,46,City Island,Bronx,False,7,25.8,54.82,0.0,0.7142857142857143,False
2023-09,47,Claremont/Bathgate,Bronx,False,91,26.17,80.83,0.26373626373626374,0.34065934065934067,False
2023-09,48,Clinton East,Manhattan,False,71244,12.2,28.85,0.2180955589242603,0.6251193082926282,True
2023-09,49,Clinton Hill,Brooklyn,False,444,24.1,56.81,0.16891891891891891,0.4752252252252252,False
2023-09,50,Clinton West,Manhattan,False,19124,12.53,29.17,0.1821794603639406,0.6728194938297427,True
2023-09,51,Co-Op City,Bronx,False,239,39.78,70.4,0.16736401673640167,0.33472803347280333,False
2023-09,52,Cobble Hill,Brooklyn,False,609,19.75,42.59,0.23645320197044334,0.5106732348111659,False
2023-09,53,College Point,Queens,False,32,23.49,54.46,0.09375,0.65625,False
2023-09,54,Columbia Street,Brooklyn,False,68,14.89,32.8,0.17647058823529413,0.7205882352941176,False
2023-09,55,Coney Island,Brooklyn,False,158,48.01,92.77,0.1518987341772152,0.27848101265822783,False
2023-09,56,Corona,Queens,False,165,30.18,62.35,0.1393939393939394,0.3878787878787879,False
2023-09,57,Corona,Queens,False,13,18.03,35.01,0.0,0.7692307692307693,False
2023-09,58,Country Club,Bronx,False,4,21.96,35.8,0.0,0.75,False
2023-09,59,Crotona Park,Bronx,False,3,53.82,70.08,0.0,0.3333333333333333,False
2023-09,60,Crotona Park East,Bronx,False,60,25.33,58.05,0.2833333333333333,0.26666666666666666,False
2023-09,61,Crown Heights North,Brooklyn,False,705,32.87,63.93,0.21843971631205675,0.3574468085106383,False
2023-09,62,Crown Heights South,Brooklyn,False,241,35.0,72.27,0.26556016597510373,0.3651452282157676,False
2023-09,63,Cypress Hills,Brooklyn,False,56,33.74,56.05,0.125,0.375,False
2023-09,64,Douglaston,Queens,False,21,17.92,60.4,0.047619047619047616,0.9047619047619048,False
2023-09,65,Downtown Brooklyn/MetroTech,Brooklyn,False,2086,18.5,44.03,0.09156279961649089,0.664908916586769,True
2023-09,66,DUMBO/Vinegar Hill,Brooklyn,False,959,19.43,40.5,0.06465067778936393,0.670490093847758,False
2023-09,67,Dyker Heights,Brooklyn,False,32,32.83,69.62,0.15625,0.40625,False
2023-09,68,East Chelsea,Manhattan,False,77362,15.33,32.62,0.27759106538093636,0.5184457485587239,True
2023-09,69,East Concourse/Concourse Village,Bronx,False,190,28.43,55.71,0.25263157894736843,0.33157894736842103,False
2023-09,70,East Elmhurst,Queens,False,12302,30.52,55.18,0.01186798894488701,0.6811900503983093,True
2023-09,71,East Flatbush/Farragut,Brooklyn,False,165,35.4,75.23,0.34545454545454546,0.17575757575757575,False
2023-09,72,East Flatbush/Remsen Village,Brooklyn,False,214,38.32,81.51,0.3177570093457944,0.2102803738317757,False
2023-09,73,East Flushing,Queens,False,17,39.83,84.03,0.23529411764705882,0.35294117647058826,False
2023-09,74,East Harlem North,Manhattan,False,6233,11.6,28.28,0.09465746831381357,0.7802021498475854,True
2023-09,75,East Harlem South,Manhattan,False,15739,10.42,28.15,0.0998157443293729,0.7919817015058136,True
2023-09,76,East New York,Brooklyn,False,395,36.87,75.33,0.21772151898734177,0.3139240506329114,False
2023-09,77,East New York/Pennsylvania Avenue,Brooklyn,False,90,38.5,75.31,0.3333333333333333,0.24444444444444444,False
2023-09,78,East Tremont,Bronx,False,155,24.1,63.2,0.3419354838709677,0.3870967741935484,False
2023-09,79,East Village,Manhattan,False,61780,12.05,26.2,0.13853998057623826,0.6531239883457429,True
2023-09,80,East Williamsburg,Brooklyn,False,781,21.08,40.6,0.06658130601792574,0.6440460947503202,False
2023-09,81,Eastchester,Bronx,False,66,34.15,79.73,0.12121212121212122,0.4393939393939394,False
2023-09,82,Elmhurst,Queens,False,343,18.67,48.91,0.15451895043731778,0.5626822157434402,False
2023-09,83,Elmhurst/Maspeth,Queens,False,120,20.76,45.23,0.09166666666666666,0.6,False
2023-09,85,Erasmus,Brooklyn,False,118,35.48,75.61,0.2288135593220339,0.211864406779661,False
2023-09,86,Far Rockaway,Queens,False,107,52.08,87.39,0.09345794392523364,0.2803738317757009,False
2023-09,87,Financial District North,Manhattan,False,15815,17.43,37.18,0.10098008220044262,0.6801138159974708,True
2023-09,88,Financial District South,Manhattan,False,8323,18.65,38.91,0.08037967079178181,0.6675477592214346,True
2023-09,89,Flatbush/Ditmas Park,Brooklyn,False,391,34.52,72.37,0.24040920716112532,0.2966751918158568,False
2023-09,90,Flatiron,Manhattan,False,46197,11.82,28.87,0.256120527306968,0.5984154815247743,True
2023-09,91,Flatlands,Brooklyn,False,186,37.14,89.9,0.24731182795698925,0.24193548387096775,False
2023-09,92,Flushing,Queens,False,144,23.1,52.2,0.10416666666666667,0.6041666666666666,False
2023-09,93,Flushing Meadows-Corona Park,Queens,False,2242,25.03,43.03,0.01784121320249777,0.8251561106155219,True
2023-09,94,Fordham South,Bronx,False,56,30.04,50.55,0.23214285714285715,0.42857142857142855,False
2023-09,95,Forest Hills,Queens,False,389,22.25,56.46,0.16195372750642673,0.5475578406169666,False
2023-09,96,Forest Park/Highland Park,Queens,False,7,24.07,41.8,0.0,0.7142857142857143,False
2023-09,97,Fort Greene,Brooklyn,False,1050,17.88,46.67,0.15904761904761905,0.560952380952381,True
2023-09,98,Fresh Meadows,Queens,False,42,25.66,58.71,0.11904761904761904,0.5476190476190477,False
2023-09,100,Garment District,Manhattan,False,44823,13.5,31.38,0.3132766659973674,0.5270062244829663,True
2023-09,101,Glen Oaks,Queens,False,29,23.87,49.88,0.06896551724137931,0.7931034482758621,False
2023-09,102,Glendale,Queens,False,58,26.42,56.17,0.27586206896551724,0.41379310344827586,False
2023-09,105,Governor's Island/Ellis Island/Liberty Island,Manhattan,False,1,49.18,49.18,0.0,1.0,False
2023-09,106,Gowanus,Brooklyn,False,154,23.84,53.49,0.13636363636363635,0.487012987012987,False
2023-09,107,Gramercy,Manhattan,False,55805,11.7,27.13,0.21372636860496372,0.6427918645282681,True
2023-09,108,Gravesend,Brooklyn,False,42,58.48,106.23,0.11904761904761904,0.30952380952380953,False
2023-09,111,Green-Wood Cemetery,Brooklyn,False,3,41.0,80.35,0.0,0.3333333333333333,False
2023-09,112,Greenpoint,Brooklyn,False,568,20.02,41.17,0.05985915492957746,0.6214788732394366,False
2023-09,113,Greenwich Village North,Manhattan,False,37660,12.28,29.65,0.24309612320764737,0.5704992033988316,True
2023-09,114,Greenwich Village South,Manhattan,False,37571,12.33,27.95,0.151047350350004,0.6014213089883155,True
2023-09,116,Hamilton Heights,Manhattan,False,1797,15.08,35.15,0.05175292153589316,0.7790762381747357,True
2023-09,117,Hammels/Arverne,Queens,False,100,56.44,101.02,0.1,0.27,False
2023-09,118,Heartland Village/Todt Hill,Staten Island,False,7,2.37,31.21,0.0,1.0,False
2023-09,119,Highbridge,Bronx,False,148,25.73,55.69,0.28378378378378377,0.40540540540540543,False
2023-09,120,Highbridge Park,Manhattan,False,12,17.83,41.83,0.0,0.9166666666666666,False
2023-09,121,Hillcrest/Pomonok,Queens,False,140,29.39,62.3,0.17857142857142858,0.5357142857142857,False
2023-09,122,Hollis,Queens,False,60,31.73,65.37,0.25,0.38333333333333336,False
2023-09,123,Homecrest,Brooklyn,False,65,38.42,88.56,0.3230769230769231,0.2153846153846154,False
2023-09,124,Howard Beach,Queens,False,99,28.05,69.12,0.09090909090909091,0.5555555555555556,False
2023-09,125,Hudson Sq,Manhattan,False,15583,12.88,31.32,0.14759674003722004,0.6312648398896233,True
2023-09,126,Hunts Point,Bronx,False,67,28.8,57.42,0.26865671641791045,0.31343283582089554,False
2023-09,127,Inwood,Manhattan,False,139,26.35,87.96,0.06474820143884892,0.6258992805755396,False
2023-09,128,Inwood Hill Park,Manhattan,False,13,16.67,54.27,0.15384615384615385,0.6923076923076923,False
2023-09,129,Jackson Heights,Queens,False,689,16.82,46.62,0.14658925979680695,0.6516690856313497,False
2023-09,130,Jamaica,Queens,False,413,30.68,60.64,0.12590799031476999,0.6004842615012107,False
2023-09,131,Jamaica Estates,Queens,False,107,30.07,61.79,0.17757009345794392,0.5327102803738317,False
2023-09,132,JFK Airport,Queens,True,156105,42.27,72.35,0.009961244034463983,0.5776432529387271,True
2023-09,133,Kensington,Brooklyn,False,87,34.15,82.33,0.13793103448275862,0.5172413793103449,False
2023-09,134,Kew Gardens,Queens,False,273,15.27,52.1,0.15384615384615385,0.7435897435897436,False
2023-09,135,Kew Gardens Hills,Queens,False,97,27.88,66.99,0.14432989690721648,0.4742268041237113,False
2023-09,136,Kingsbridge Heights,Bronx,False,114,31.6,68.01,0.15789473684210525,0.41228070175438597,False
2023-09,137,Kips Bay,Manhattan,False,27823,11.45,27.62,0.19846889264277756,0.6851525716134134,True
2023-09,138,LaGuardia Airport,Queens,False,100051,30.63,56.05,0.009435188054092413,0.6790836673296619,True
2023-09,139,Laurelton,Queens,False,95,35.17,77.88,0.11578947368421053,0.5368421052631579,False
2023-09,140,Lenox Hill East,Manhattan,False,51776,11.88,26.98,0.18780902348578493,0.7103870519159456,True
2023-09,141,Lenox Hill West,Manhattan,False,63136,10.4,24.55,0.22410352255448557,0.7051761277242777,True
2023-09,142,Lincoln Square East,Manhattan,False,86308,11.05,25.95,0.14914028826991704,0.7239421606340084,True
2023-09,143,Lincoln Square West,Manhattan,False,29171,10.93,25.92,0.12409584861677693,0.7601727743306709,True
2023-09,144,Little Italy/NoLiTa,Manhattan,False,26092,14.13,31.32,0.16418825693699218,0.58148091369002,True
2023-09,145,Long Island City/Hunters Point,Queens,False,1373,16.0,39.81,0.08739985433357611,0.7370721048798252,True
2023-09,146,Long Island City/Queens Plaza,Queens,False,1177,15.4,38.28,0.12064570943075616,0.6966864910790145,True
2023-09,147,Longwood,Bronx,False,54,30.98,53.06,0.2962962962962963,0.2962962962962963,False
2023-09,148,Lower East Side,Manhattan,False,28992,13.4,28.0,0.10909906181015452,0.6354166666666666,True
2023-09,149,Madison,Brooklyn,False,53,38.9,68.17,0.2641509433962264,0.3584905660377358,False
2023-09,150,Manhattan Beach,Brooklyn,False,38,39.36,94.18,0.07894736842105263,0.4473684210526316,False
2023-09,151,Manhattan Valley,Manhattan,False,21160,10.63,26.58,0.057136105860113424,0.821124763705104,True
2023-09,152,Manhattanville,Manhattan,False,1717,12.93,31.27,0.048340128130460104,0.8060570762958649,True
2023-09,153,Marble Hill,Manhattan,False,26,24.4,40.54,0.15384615384615385,0.6153846153846154,False
2023-09,154,Marine Park/Floyd Bennett Field,Brooklyn,False,50,13.43,51.26,0.04,0.88,False
2023-09,155,Marine Park/Mill Basin,Brooklyn,False,77,35.37,81.2,0.16883116883116883,0.36363636363636365,False
2023-09,156,Mariners Harbor,Staten Island,False,1,3.83,3.83,1.0,1.0,False
2023-09,157,Maspeth,Queens,False,208,20.53,44.42,0.10096153846153846,0.7211538461538461,False
2023-09,158,Meatpacking/West Village West,Manhattan,False,25189,13.92,29.95,0.1652705546071698,0.5899003533288341,True
2023-09,159,Melrose South,Bronx,False,215,23.68,63.46,0.24651162790697675,0.3767441860465116,False
2023-09,160,Middle Village,Queens,False,62,21.98,45.92,0.06451612903225806,0.6129032258064516,False
2023-09,161,Midtown Center,Manhattan,False,119723,13.8,30.22,0.3332358861705771,0.5340327255414582,True
2023-09,162,Midtown East,Manhattan,False,96412,12.97,27.88,0.28749533253122017,0.5959942745716301,True
2023-09,163,Midtown North,Manhattan,False,75272,13.08,30.58,0.29002816452332875,0.5731746200446382,True
2023-09,164,Midtown South,Manhattan,False,63153,12.92,29.77,0.2729086504204076,0.5826801577122227,True
2023-09,165,Midwood,Brooklyn,False,103,41.85,80.89,0.2815533980582524,0.1941747572815534,False
2023-09,166,Morningside Heights,Manhattan,False,12615,12.7,30.53,0.046452635751089974,0.7820055489496631,True
2023-09,167,Morrisania/Melrose,Bronx,False,129,34.47,65.37,0.3333333333333333,0.27906976744186046,False
2023-09,168,Mott Haven/Port Morris,Bronx,False,344,21.22,51.59,0.19186046511627908,0.5348837209302325,False
2023-09,169,Mount Hope,Bronx,False,152,30.52,63.17,0.21710526315789475,0.3881578947368421,False
2023-09,170,Murray Hill,Manhattan,False,79989,12.8,28.69,0.27154983810273914,0.6139469177011839,True
2023-09,171,Murray Hill-Queens,Queens,False,46,29.23,60.53,0.1956521739130435,0.41304347826086957,False
2023-09,172,New Dorp/Midland Beach,Staten Island,False,1,31.22,31.22,0.0,1.0,False
2023-09,173,North Corona,Queens,False,54,24.42,51.34,0.2037037037037037,0.5740740740740741,False
2023-09,174,Norwood,Bronx,False,103,29.92,80.06,0.23300970873786409,0.4368932038834951,False
2023-09,175,Oakland Gardens,Queens,False,36,31.84,70.98,0.2777777777777778,0.3888888888888889,False
2023-09,176,Oakwood,Staten Island,False,1,19.93,19.93,0.0,1.0,False
2023-09,177,Ocean Hill,Brooklyn,False,173,34.58,67.65,0.23121387283236994,0.3063583815028902,False
2023-09,178,Ocean Parkway South,Brooklyn,False,26,42.11,66.8,0.2692307692307692,0.3076923076923077,False
2023-09,179,Old Astoria,Queens,False,419,14.05,41.33,0.1431980906921241,0.6945107398568019,False
2023-09,180,Ozone Park,Queens,False,44,29.67,70.3,0.25,0.45454545454545453,False
2023-09,181,Park Slope,Brooklyn,False,966,20.85,56.19,0.13664596273291926,0.5,False
2023-09,182,Parkchester,Bronx,False,134,33.13,69.81,0.23134328358208955,0.31343283582089554,False
2023-09,183,Pelham Bay,Bronx,False,37,31.55,64.28,0.13513513513513514,0.3783783783783784,False
2023-09,184,Pelham Bay Park,Bronx,False,4,11.5,26.64,0.0,1.0,False
2023-09,185,Pelham Parkway,Bronx,False,96,29.97,59.75,0.3125,0.3125,False
2023-09,186,Penn Station/Madison Sq West,Manhattan,False,94775,15.4,33.05,0.33873911896597203,0.478860458981799,True
2023-09,187,Port Richmond,Staten Island,False,2,10.0,10.79,0.0,1.0,False
2023-09,188,Prospect-Lefferts Gardens,Brooklyn,False,410,33.52,72.98,0.2951219512195122,0.3073170731707317,False
2023-09,189,Prospect Heights,Brooklyn,False,337,22.88,55.76,0.12462908011869436,0.47181008902077154,False
2023-09,190,Prospect Park,Brooklyn,False,64,26.33,58.93,0.125,0.421875,False
2023-09,191,Queens Village,Queens,False,136,33.71,65.85,0.11029411764705882,0.5735294117647058,False
2023-09,192,Queensboro Hill,Queens,False,49,24.35,74.56,0.20408163265306123,0.46938775510204084,False
2023-09,193,Queensbridge/Ravenswood,Queens,False,521,19.55,48.35,0.18618042226487524,0.6333973128598849,False
2023-09,194,Randalls Island,Manhattan,False,135,21.35,49.71,0.1037037037037037,0.6518518518518519,False
2023-09,195,Red Hook,Brooklyn,False,506,35.43,66.97,0.08300395256916997,0.5158102766798419,False
2023-09,196,Rego Park,Queens,False,162,26.12,54.8,0.15432098765432098,0.5308641975308642,False
2023-09,197,Richmond Hill,Queens,False,309,21.53,61.04,0.11326860841423948,0.6019417475728155,False
2023-09,198,Ridgewood,Queens,False,121,29.75,53.0,0.18181818181818182,0.4049586776859504,False
2023-09,199,Rikers Island,Bronx,False,1,20.67,20.67,0.0,1.0,False
2023-09,200,Riverdale/North Riverdale/Fieldston,Bronx,False,63,32.35,73.94,0.09523809523809523,0.6031746031746031,False
2023-09,201,Rockaway Park,Queens,False,31,44.57,91.53,0.06451612903225806,0.4838709677419355,False
2023-09,202,Roosevelt Island,Manhattan,False,138,26.62,57.55,0.08695652173913043,0.5217391304347826,False
2023-09,203,Rosedale,Queens,False,112,28.73,60.0,0.07142857142857142,0.5714285714285714,False
2023-09,204,Rossville/Woodrow,Staten Island,False,2,41.46,68.23,0.5,0.0,False
2023-09,205,Saint Albans,Queens,False,237,37.3,75.46,0.16455696202531644,0.3924050632911392,False
2023-09,206,Saint George/New Brighton,Staten Island,False,3,8.73,16.37,0.0,1.0,False
2023-09,207,Saint Michaels Cemetery/Woodside,Queens,False,47,31.43,60.29,0.10638297872340426,0.5531914893617021,False
2023-09,208,Schuylerville/Edgewater Park,Bronx,False,80,28.78,63.28,0.1375,0.5375,False
2023-09,209,Seaport,Manhattan,False,6156,16.23,34.0,0.11419753086419752,0.6842105263157895,True
2023-09,210,Sheepshead Bay,Brooklyn,False,69,50.42,93.61,0.14492753623188406,0.30434782608695654,False
2023-09,211,SoHo,Manhattan,False,22130,13.67,31.69,0.18563036601897875,0.5799367374604609,True
2023-09,212,Soundview/Bruckner,Bronx,False,69,33.22,66.27,0.30434782608695654,0.34782608695652173,False
2023-09,213,Soundview/Castle Hill,Bronx,False,160,30.23,63.86,0.26875,0.35625,False
2023-09,214,South Beach/Dongan Hills,Staten Island,False,12,44.34,48.37,0.0,0.3333333333333333,False
2023-09,215,South Jamaica,Queens,False,400,37.94,62.96,0.105,0.5625,False
2023-09,216,South Ozone Park,Queens,False,532,12.21,53.81,0.08270676691729323,0.7537593984962406,False
2023-09,217,South Williamsburg,Brooklyn,False,82,18.01,47.49,0.32926829268292684,0.3780487804878049,False
2023-09,218,Springfield Gardens North,Queens,False,180,34.16,75.29,0.2,0.25555555555555554,False
2023-09,219,Springfield Gardens South,Queens,False,311,38.17,73.9,0.022508038585209004,0.5594855305466238,False
2023-09,220,Spuyten Duyvil/Kingsbridge,Bronx,False,102,23.21,54.88,0.06862745098039216,0.7058823529411765,False
2023-09,221,Stapleton,Staten Island,False,3,47.43,47.43,0.3333333333333333,1.0,False
2023-09,222,Starrett City,Brooklyn,False,114,41.09,90.0,0.24561403508771928,0.24561403508771928,False
2023-09,223,Steinway,Queens,False,586,18.23,48.18,0.07167235494880546,0.7303754266211604,False
2023-09,224,Stuy Town/Peter Cooper Village,Manhattan,False,3173,12.82,29.43,0.15915537346359912,0.6794831389851875,True
2023-09,225,Stuyvesant Heights,Brooklyn,False,320,33.64,65.78,0.240625,0.253125,False
2023-09,226,Sunnyside,Queens,False,1629,18.55,45.43,0.09699201964395335,0.6390423572744015,True
2023-09,227,Sunset Park East,Brooklyn,False,51,47.97,88.4,0.17647058823529413,0.3137254901960784,False
2023-09,228,Sunset Park West,Brooklyn,False,213,28.47,67.94,0.0892018779342723,0.539906103286385,False
2023-09,229,Sutton Place/Turtle Bay North,Manhattan,False,49324,11.72,25.9,0.27189603438488363,0.6379855648365907,True
2023-09,230,Times Sq/Theatre District,Manhattan,False,88653,14.78,36.38,0.29718114446211635,0.5186513710759929,True
2023-09,231,TriBeCa/Civic Center,Manhattan,False,40289,14.75,33.6,0.14661570155625606,0.6360048648514482,True
2023-09,232,Two Bridges/Seward Park,Manhattan,False,3374,15.73,32.55,0.11855364552459988,0.6455245998814464,True
2023-09,233,UN/Turtle Bay South,Manhattan,False,32861,13.1,28.42,0.25178783360214235,0.6435896655609994,True
2023-09,234,Union Sq,Manhattan,False,74274,12.42,28.5,0.26468212295015753,0.575813878342354,True
2023-09,235,University Heights/Morris Heights,Bronx,False,155,32.22,66.96,0.2838709677419355,0.38064516129032255,False
2023-09,236,Upper East Side North,Manhattan,False,116252,10.07,25.63,0.1769862023879159,0.7327873929050683,True
2023-09,237,Upper East Side South,Manhattan,False,130916,10.37,25.35,0.28661890066913137,0.6449860979559412,True
2023-09,238,Upper West Side North,Manhattan,False,53012,10.57,26.45,0.07313438466762243,0.8038934580849619,True
2023-09,239,Upper West Side South,Manhattan,False,74242,10.53,26.58,0.09873117642304895,0.7804881334015786,True
2023-09,240,Van Cortlandt Park,Bronx,False,8,25.98,45.39,0.0,0.75,False
2023-09,241,Van Cortlandt Village,Bronx,False,73,33.63,66.41,0.1506849315068493,0.3835616438356164,False
2023-09,242,Van Nest/Morris Park,Bronx,False,159,27.75,59.81,0.24528301886792453,0.42138364779874216,False
2023-09,243,Washington Heights North,Manhattan,False,389,21.35,44.35,0.05398457583547558,0.7146529562982005,False
2023-09,244,Washington Heights South,Manhattan,False,1507,17.1,39.86,0.055739880557398806,0.7690776376907764,True
2023-09,246,West Chelsea/Hudson Yards,Manhattan,False,51860,14.82,29.35,0.24801388353258774,0.5672965676822214,True
2023-09,247,West Concourse,Bronx,False,264,23.33,63.49,0.1856060606060606,0.48863636363636365,False
2023-09,248,West Farms/Bronx River,Bronx,False,88,23.92,60.6,0.1590909090909091,0.48863636363636365,False
2023-09,249,West Village,Manhattan,False,61733,12.33,27.63,0.18153985712665835,0.5876597605818606,True
2023-09,250,Westchester Village/Unionport,Bronx,False,84,28.36,58.61,0.21428571428571427,0.42857142857142855,False
2023-09,251,Westerleigh,Staten Island,False,1,17.73,17.73,0.0,1.0,False
2023-09,252,Whitestone,Queens,False,31,30.1,59.78,0.06451612903225806,0.5806451612903226,False
2023-09,253,Willets Point,Queens,False,25,24.75,50.88,0.0,0.76,False
2023-09,254,Williamsbridge/Olinville,Bronx,False,177,30.07,71.16,0.24293785310734464,0.3728813559322034,False
2023-09,255,Williamsburg (North Side),Brooklyn,False,1169,19.85,38.92,0.07442258340461934,0.5491873396065012,True
2023-09,256,Williamsburg (South Side),Brooklyn,False,959,19.25,40.93,0.09906152241918666,0.5495307612095933,False
2023-09,257,Windsor Terrace,Brooklyn,False,67,21.6,59.45,0.13432835820895522,0.5970149253731343,False
2023-09,258,Woodhaven,Queens,False,79,29.68,55.53,0.11392405063291139,0.4936708860759494,False
2023-09,259,Woodlawn/Wakefield,Bronx,False,60,32.92,72.54,0.08333333333333333,0.5166666666666667,False
2023-09,260,Woodside,Queens,False,486,14.14,41.6,0.12345679012345678,0.6934156378600823,False
2023-09,261,World Trade Center,Manhattan,False,16024,19.43,40.33,0.13523464802795807,0.6001622566150774,True
2023-09,262,Yorkville East,Manhattan,False,36018,10.44,24.03,0.09250930090510301,0.8180354267310789,True
2023-09,263,Yorkville West,Manhattan,False,49517,9.4,24.52,0.10513560999252781,0.8130541026314195,True
2023-09,264,,Unknown,False,22461,13.22,35.45,0.19451493700191444,0.6415564756689373,True
2023-09,265,Outside of NYC,,False,1294,38.21,60.7,0.11051004636785162,0.5108191653786708,True
2023-10,1,Newark Airport,EWR,True,97,0.53,48.81,0.1958762886597938,0.865979381443299,False
2023-10,2,Jamaica Bay,Queens,False,5,34.12,42.38,0.0,0.8,False
2023-10,3,Allerton/Pelham Gardens,Bronx,False,70,28.8,65.68,0.11428571428571428,0.38571428571428573,False
2023-10,4,Alphabet City,Manhattan,False,3973,13.33,27.2,0.08255726151522778,0.6126352881953184,True
2023-10,6,Arrochar/Fort Wadsworth,Staten Island,False,10,0.55,17.56,0.0,1.0,False
2023-10,7,Astoria,Queens,False,1414,14.15,37.82,0.10042432814710042,0.6994342291371994,True
2023-10,8,Astoria Park,Queens,False,16,13.27,41.83,0.0,0.875,False
2023-10,9,Auburndale,Queens,False,49,24.03,58.8,0.1836734693877551,0.5306122448979592,False
2023-10,10,Baisley Park,Queens,False,967,43.32,68.96,0.05687693898655636,0.5408479834539814,False
2023-10,11,Bath Beach,Brooklyn,False,52,35.86,69.66,0.17307692307692307,0.5384615384615384,False
2023-10,12,Battery Park,Manhattan,False,1323,22.18,41.16,0.0854119425547997,0.5986394557823129,True
2023-10,13,Battery Park City,Manhattan,False,20168,17.38,35.48,0.05617810392701309,0.7270924236414121,True
2023-10,14,Bay Ridge,Brooklyn,False,200,30.19,69.1,0.065,0.58,False
2023-10,15,Bay Terrace/Fort Totten,Queens,False,33,32.17,61.11,0.06060606060606061,0.5757575757575758,False
2023-10,16,Bayside,Queens,False,49,30.17,76.46,0.16326530612244897,0.42857142857142855,False
2023-10,17,Bedford,Brooklyn,False,401,29.03,57.13,0.1745635910224439,0.3690773067331671,False
2023-10,18,Bedford Park,Bronx,False,130,24.61,72.68,0.36923076923076925,0.27692307692307694,False
2023-10,19,Bellerose,Queens,False,80,26.59,59.38,0.175,0.55,False
2023-10,20,Belmont,Bronx,False,74,24.42,70.66,0.25675675675675674,0.40540540540540543,False
2023-10,21,Bensonhurst East,Brooklyn,False,49,59.88,94.09,0.16326530612244897,0.12244897959183673,False
2023-10,22,Bensonhurst West,Brooklyn,False,91,48.43,90.77,0.24175824175824176,0.25274725274725274,False
2023-10,23,Bloomfield/Emerson Hill,Staten Island,False,3,12.77,21.65,0.0,1.0,False
2023-10,24,Bloomingdale,Manhattan,False,8058,11.5,26.78,0.03735418217920079,0.813229089103996,True
2023-10,25,Boerum Hill,Brooklyn,False,1280,18.38,47.15,0.1234375,0.603125,True
2023-10,26,Borough Park,Brooklyn,False,104,44.38,87.38,0.25,0.27884615384615385,False
2023-10,28,Briarwood/Jamaica Hills,Queens,False,252,22.4,56.14,0.11507936507936507,0.7023809523809523,False
2023-10,29,Brighton Beach,Brooklyn,False,95,62.6,105.12,0.1368421052631579,0.3263157894736842,False
2023-10,30,Broad Channel,Queens,False,3,8.0,15.31,0.0,1.0,False
2023-10,31,Bronx Park,Bronx,False,18,37.17,50.04,0.1111111111111111,0.3888888888888889,False
2023-10,32,Bronxdale,Bronx,False,73,30.48,81.55,0.2328767123287671,0.273972602739726,False
2023-10,33,Brooklyn Heights,Brooklyn,False,1678,20.73,41.64,0.08581644815256258,0.6311084624553039,True
2023-10,34,Brooklyn Navy Yard,Brooklyn,False,106,21.14,38.28,0.07547169811320754,0.6132075471698113,False
2023-10,35,Brownsville,Brooklyn,False,298,37.24,80.4,0.3691275167785235,0.20134228187919462,False
2023-10,36,Bushwick North,Brooklyn,False,279,23.27,41.48,0.08243727598566308,0.5125448028673835,False
2023-10,37,Bushwick South,Brooklyn,False,415,27.82,51.81,0.10602409638554217,0.41445783132530123,False
2023-10,38,Cambria Heights,Queens,False,83,34.88,67.58,0.1566265060240964,0.40963855421686746,False
2023-10,39,Canarsie,Brooklyn,False,326,41.08,89.36,0.24539877300613497,0.254601226993865,False
2023-10,40,Carroll Gardens,Brooklyn,False,400,19.97,40.33,0.18,0.57,False
2023-10,41,Central Harlem,Manhattan,False,6732,10.81,28.57,0.06268568033273916,0.8071895424836601,True
2023-10,42,Central Harlem North,Manhattan,False,2313,13.38,38.1,0.09684392563769996,0.7116299178555988,True
2023-10,43,Central Park,Manhattan,False,57974,12.3,28.1,0.19305205781902232,0.6710594404388174,True
2023-10,45,Chinatown,Manhattan,False,4665,17.37,40.49,0.1517684887459807,0.554769560557342,True
2023-10,46,City Island,Bronx,False,12,33.13,62.38,0.08333333333333333,0.3333333333333333,False
2023-10,47,Claremont/Bathgate,Bronx,False,143,30.52,66.19,0.23776223776223776,0.3006993006993007,False
2023-10,48,Clinton East,Manhattan,False,87398,11.65,27.25,0.17876839286940205,0.6713998031991579,True
2023-10,49,Clinton Hill,Brooklyn,False,452,25.18,58.46,0.15265486725663716,0.4668141592920354,False
2023-10,50,Clinton West,Manhattan,False,22316,12.23,27.42,0.1378383222799785,0.719349345760889,True
2023-10,51,Co-Op City,Bronx,False,309,40.42,82.52,0.1715210355987055,0.34627831715210355,False
2023-10,52,Cobble Hill,Brooklyn,False,675,19.82,40.59,0.17925925925925926,0.5288888888888889,False
2023-10,53,College Point,Queens,False,35,28.9,64.54,0.11428571428571428,0.5428571428571428,False
2023-10,54,Columbia Street,Brooklyn,False,62,17.37,38.77,0.1935483870967742,0.7419354838709677,False
2023-10,55,Coney Island,Brooklyn,False,166,54.53,104.74,0.10843373493975904,0.2710843373493976,False
2023-10,56,Corona,Queens,False,196,26.74,56.68,0.14795918367346939,0.5051020408163265,False
2023-10,57,Corona,Queens,False,6,24.28,69.48,0.16666666666666666,0.5,False
2023-10,58,Country Club,Bronx,False,6,11.69,49.98,0.3333333333333333,0.8333333333333334,False
2023-10,59,Crotona Park,Bronx,False,2,26.08,42.2,0.0,1.0,False
2023-10,60,Crotona Park East,Bronx,False,75,32.38,67.92,0.32,0.3333333333333333,False
2023-10,61,Crown Heights North,Brooklyn,False,711,30.98,66.33,0.24472573839662448,0.350210970464135,False
2023-10,62,Crown Heights South,Brooklyn,False,222,31.14,65.66,0.25675675675675674,0.2972972972972973,False
2023-10,63,Cypress Hills,Brooklyn,False,84,37.44,65.42,0.14285714285714285,0.36904761904761907,False
2023-10,64,Douglaston,Queens,False,16,11.88,48.68,0.0625,0.75,False
2023-10,65,Downtown Brooklyn/MetroTech,Brooklyn,False,2225,18.45,41.05,0.08089887640449438,0.6719101123595506,True
2023-10,66,DUMBO/Vinegar Hill,Brooklyn,False,1000,19.39,37.3,0.048,0.694,True
2023-10,67,Dyker Heights,Brooklyn,False,42,30.62,68.58,0.16666666666666666,0.38095238095238093,False
2023-10,68,East Chelsea,Manhattan,False,94097,15.8,32.28,0.2959711786773223,0.4957012444605035,True
2023-10,69,East Concourse/Concourse Village,Bronx,False,252,30.28,63.52,0.23412698412698413,0.376984126984127,False
2023-10,70,East Elmhurst,Queens,False,15548,30.47,50.5,0.01324929251350656,0.7085798816568047,True
2023-10,71,East Flatbush/Farragut,Brooklyn,False,193,35.47,83.55,0.2849740932642487,0.23316062176165803,False
2023-10,72,East Flatbush/Remsen Village,Brooklyn,False,214,32.93,78.18,0.29439252336448596,0.20093457943925233,False
2023-10,73,East Flushing,Queens,False,33,38.9,76.14,0.15151515151515152,0.36363636363636365,False
2023-10,74,East Harlem North,Manhattan,False,5958,11.18,26.24,0.08006042296072508,0.8162134944612286,True
2023-10,75,East Harlem South,Manhattan,False,17789,10.17,26.68,0.08078025746247681,0.8155039631232784,True
2023-10,76,East New York,Brooklyn,False,487,36.65,80.54,0.19507186858316222,0.3408624229979466,False
2023-10,77,East New York/Pennsylvania Avenue,Brooklyn,False,111,45.23,82.65,0.26126126126126126,0.2882882882882883,False
2023-10,78,East Tremont,Bronx,False,160,23.72,52.45,0.3875,0.31875,False
2023-10,79,East Village,Manhattan,False,78022,12.65,26.85,0.1398323549768014,0.6039834918356362,True
2023-10,80,East Williamsburg,Brooklyn,False,819,20.08,38.13,0.05616605616605617,0.6471306471306472,False
2023-10,81,Eastchester,Bronx,False,83,34.48,70.96,0.1686746987951807,0.2891566265060241,False
2023-10,82,Elmhurst,Queens,False,407,19.22,53.69,0.16707616707616707,0.5577395577395577,False
2023-10,83,Elmhurst/Maspeth,Queens,False,156,13.08,54.41,0.14102564102564102,0.6858974358974359,False
2023-10,85,Erasmus,Brooklyn,False,113,32.42,79.7,0.30973451327433627,0.24778761061946902,False
2023-10,86,Far Rockaway,Queens,False,159,48.25,89.46,0.1069182389937107,0.3333333333333333,False
2023-10,87,Financial District North,Manhattan,False,17129,18.0,36.62,0.09008114892871738,0.672952303111682,True
2023-10,88,Financial District South,Manhattan,False,9475,19.37,38.26,0.07609498680738787,0.668179419525066,True
2023-10,89,Flatbush/Ditmas Park,Brooklyn,False,400,32.97,78.52,0.24,0.3825,False
2023-10,90,Flatiron,Manhattan,False,57427,12.25,29.01,0.2467828721681439,0.5853866648092361,True
2023-10,91,Flatlands,Brooklyn,False,247,39.15,84.03,0.19838056680161945,0.23076923076923078,False
2023-10,92,Flushing,Queens,False,157,28.35,60.9,0.15286624203821655,0.5222929936305732,False
2023-10,93,Flushing Meadows-Corona Park,Queens,False,405,22.33,51.88,0.01728395061728395,0.8024691358024691,False
2023-10,94,Fordham South,Bronx,False,64,28.65,60.52,0.25,0.390625,False
2023-10,95,Forest Hills,Queens,False,450,22.25,53.13,0.13111111111111112,0.5488888888888889,False
2023-10,96,Forest Park/Highland Park,Queens,False,7,18.87,56.71,0.14285714285714285,0.7142857142857143,False
2023-10,97,Fort Greene,Brooklyn,False,1184,17.74,42.87,0.11570945945945946,0.5684121621621622,True
2023-10,98,Fresh Meadows,Queens,False,50,32.25,74.19,0.24,0.42,False
2023-10,100,Garment District,Manhattan,False,54233,13.7,30.55,0.3220363985027566,0.5127321003816864,True
2023-10,101,Glen Oaks,Queens,False,58,22.13,47.54,0.13793103448275862,0.6724137931034483,False
2023-10,102,Glendale,Queens,False,88,26.13,69.88,0.18181818181818182,0.4090909090909091,False
2023-10,105,Governor's Island/Ellis Island/Liberty Island,Manhattan,False,1,14.02,14.02,0.0,0.0,False
2023-10,106,Gowanus,Brooklyn,False,168,23.25,54.29,0.10714285714285714,0.5416666666666666,False
2023-10,107,Gramercy,Manhattan,False,68803,12.05,26.28,0.19901748470270192,0.63206546226182,True
2023-10,108,Gravesend,Brooklyn,False,61,62.5,97.93,0.08196721311475409,0.22950819672131148,False
2023-10,111,Green-Wood Cemetery,Brooklyn,False,3,16.93,55.17,0.3333333333333333,0.3333333333333333,False
2023-10,112,Greenpoint,Brooklyn,False,674,18.38,33.67,0.02373887240356083,0.6394658753709199,False
2023-10,113,Greenwich Village North,Manhattan,False,48788,13.03,30.33,0.26717635484135444,0.5190825612855621,True
2023-10,114,Greenwich Village South,Manhattan,False,46357,12.95,29.05,0.166814073386975,0.5527104860107427,True
2023-10,115,Grymes Hill/Clifton,Staten Island,False,4,4.14,27.81,0.0,0.75,False
2023-10,116,Hamilton Heights,Manhattan,False,1871,14.75,33.78,0.048102618920363445,0.7771245323356494,True
2023-10,117,Hammels/Arverne,Queens,False,161,51.13,95.13,0.16770186335403728,0.2919254658385093,False
2023-10,118,Heartland Village/Todt Hill,Staten Island,False,2,48.38,75.62,0.0,0.5,False
2023-10,119,Highbridge,Bronx,False,122,28.43,59.65,0.32786885245901637,0.36885245901639346,False
2023-10,120,Highbridge Park,Manhattan,False,10,9.17,35.84,0.1,1.0,False
2023-10,121,Hillcrest/Pomonok,Queens,False,166,27.03,58.35,0.18072289156626506,0.43373493975903615,False
2023-10,122,Hollis,Queens,False,73,31.5,71.01,0.2191780821917808,0.3424657534246575,False
2023-10,123,Homecrest,Brooklyn,False,64,44.85,91.1,0.25,0.1875,False
2023-10,124,Howard Beach,Queens,False,111,27.4,69.4,0.0990990990990991,0.5765765765765766,False
2023-10,125,Hudson Sq,Manhattan,False,17979,12.78,31.27,0.1423327215084265,0.6208354191000612,True
2023-10,126,Hunts Point,Bronx,False,68,33.37,60.53,0.36764705882352944,0.27941176470588236,False
2023-10,127,Inwood,Manhattan,False,142,25.26,95.02,0.09154929577464789,0.647887323943662,False
2023-10,128,Inwood Hill Park,Manhattan,False,23,22.72,46.25,0.0,0.782608695652174,False
2023-10,129,Jackson Heights,Queens,False,681,17.63,48.75,0.15712187958883994,0.6284875183553598,False
2023-10,130,Jamaica,Queens,False,568,29.34,62.2,0.13380281690140844,0.6285211267605634,False
2023-10,131,Jamaica Estates,Queens,False,148,26.48,67.53,0.18243243243243243,0.4797297297297297,False
2023-10,132,JFK Airport,Queens,True,176713,42.55,69.05,0.010180348927356787,0.5865895548148693,True
2023-10,133,Kensington,Brooklyn,False,108,26.28,76.81,0.10185185185185185,0.5092592592592593,False
2023-10,134,Kew Gardens,Queens,False,351,14.57,44.53,0.09116809116809117,0.8005698005698005,False
2023-10,135,Kew Gardens Hills,Queens,False,88,23.99,52.2,0.13636363636363635,0.6136363636363636,False
2023-10,136,Kingsbridge Heights,Bronx,False,107,32.62,67.92,0.2897196261682243,0.24299065420560748,False
2023-10,137,Kips Bay,Manhattan,False,34092,11.52,26.12,0.18699401619148187,0.6932124838671829,True
2023-10,138,LaGuardia Airport,Queens,False,119452,30.57,50.7,0.007760439339651073,0.7132488363526772,True
2023-10,139,Laurelton,Queens,False,116,44.9,82.38,0.1810344827586207,0.33620689655172414,False
2023-10,140,Lenox Hill East,Manhattan,False,64807,11.78,25.48,0.16876263366611632,0.7297822766059222,True
2023-10,141,Lenox Hill West,Manhattan,False,78231,10.5,23.6,0.20338484743899476,0.7166596362055963,True
2023-10,142,Lincoln Square East,Manhattan,False,116864,10.77,24.08,0.10264923329682366,0.7647521905805038,True
2023-10,143,Lincoln Square West,Manhattan,False,36167,10.43,23.44,0.0799347471451876,0.8120385987225924,True
2023-10,144,Little Italy/NoLiTa,Manhattan,False,30954,14.28,31.92,0.15997932415842864,0.560153776571687,True
2023-10,145,Long Island City/Hunters Point,Queens,False,1743,15.77,36.57,0.06196213425129088,0.7441193344807803,True
2023-10,146,Long Island City/Queens Plaza,Queens,False,1359,14.65,32.27,0.07505518763796909,0.7431935246504783,True
2023-10,147,Longwood,Bronx,False,71,26.87,53.25,0.2535211267605634,0.36619718309859156,False
2023-10,148,Lower East Side,Manhattan,False,35306,13.68,28.42,0.09304367529598369,0.6101229252818218,True
2023-10,149,Madison,Brooklyn,False,71,41.8,92.68,0.18309859154929578,0.3380281690140845,False
2023-10,150,Manhattan Beach,Brooklyn,False,42,30.53,82.95,0.07142857142857142,0.5714285714285714,False
2023-10,151,Manhattan Valley,Manhattan,False,25929,10.78,25.2,0.047475799298083224,0.8364765320683405,True
2023-10,152,Manhattanville,Manhattan,False,1674,11.8,27.41,0.03763440860215054,0.8548387096774194,True
2023-10,153,Marble Hill,Manhattan,False,31,27.37,49.8,0.25806451612903225,0.4838709677419355,False
2023-10,154,Marine Park/Floyd Bennett Field,Brooklyn,False,40,14.6,33.14,0.025,0.875,False
2023-10,155,Marine Park/Mill Basin,Brooklyn,False,125,33.45,97.18,0.232,0.344,False
2023-10,157,Maspeth,Queens,False,292,20.68,43.95,0.10616438356164383,0.726027397260274,False
2023-10,158,Meatpacking/West Village West,Manhattan,False,31739,14.35,30.75,0.1783610069630423,0.5561926966823151,True
2023-10,159,Melrose South,Bronx,False,219,22.9,50.46,0.273972602739726,0.4520547945205479,False
2023-10,160,Middle Village,Queens,False,80,24.58,54.32,0.1375,0.6,False
2023-10,161,Midtown Center,Manhattan,False,162405,13.87,29.15,0.32080293094424434,0.5419168129060066,True
2023-10,162,Midtown East,Manhattan,False,120135,13.32,27.23,0.28713530611395516,0.5973280059932576,True
2023-10,163,Midtown North,Manhattan,False,100238,12.67,29.29,0.25041401464514457,0.6072248049641853,True
2023-10,164,Midtown South,Manhattan,False,77445,13.35,28.83,0.2810768932791013,0.5650203370133643,True
2023-10,165,Midwood,Brooklyn,False,115,40.1,73.08,0.25217391304347825,0.17391304347826086,False
2023-10,166,Morningside Heights,Manhattan,False,15105,12.62,28.73,0.03455809334657398,0.8007282356835485,True
2023-10,167,Morrisania/Melrose,Bronx,False,158,32.01,62.06,0.33544303797468356,0.24050632911392406,False
2023-10,168,Mott Haven/Port Morris,Bronx,False,321,20.45,49.55,0.18691588785046728,0.5700934579439252,False
2023-10,169,Mount Hope,Bronx,False,131,29.3,56.15,0.2366412213740458,0.3282442748091603,False
2023-10,170,Murray Hill,Manhattan,False,98559,13.13,27.35,0.27037611988758004,0.6078693980255482,True
2023-10,171,Murray Hill-Queens,Queens,False,67,30.03,56.98,0.14925373134328357,0.43283582089552236,False
2023-10,173,North Corona,Queens,False,48,18.38,45.9,0.14583333333333334,0.6041666666666666,False
2023-10,174,Norwood,Bronx,False,135,28.05,72.81,0.23703703703703705,0.43703703703703706,False
2023-10,175,Oakland Gardens,Queens,False,48,31.44,78.55,0.125,0.3958333333333333,False
2023-10,177,Ocean Hill,Brooklyn,False,209,33.23,64.58,0.22009569377990432,0.33014354066985646,False
2023-10,178,Ocean Parkway South,Brooklyn,False,33,41.57,71.19,0.18181818181818182,0.30303030303030304,False
2023-10,179,Old Astoria,Queens,False,442,15.56,44.8,0.12217194570135746,0.6561085972850679,False
2023-10,180,Ozone Park,Queens,False,67,25.0,61.77,0.1044776119402985,0.5373134328358209,False
2023-10,181,Park Slope,Brooklyn,False,1196,20.52,47.93,0.112876254180602,0.5334448160535117,True
2023-10,182,Parkchester,Bronx,False,169,34.75,67.47,0.26627218934911245,0.3431952662721893,False
2023-10,183,Pelham Bay,Bronx,False,55,24.72,62.08,0.16363636363636364,0.41818181818181815,False
2023-10,184,Pelham Bay Park,Bronx,False,8,17.3,35.86,0.0,0.875,False
2023-10,185,Pelham Parkway,Bronx,False,109,26.75,63.48,0.25688073394495414,0.42201834862385323,False
2023-10,186,Penn Station/Madison Sq West,Manhattan,False,113494,15.83,32.43,0.3558249775318519,0.4515921546513472,True
2023-10,187,Port Richmond,Staten Island,False,1,17.55,17.55,0.0,1.0,False
2023-10,188,Prospect-Lefferts Gardens,Brooklyn,False,468,36.53,74.62,0.26282051282051283,0.3162393162393162,False
2023-10,189,Prospect Heights,Brooklyn,False,334,20.82,50.07,0.08982035928143713,0.5508982035928144,False
2023-10,190,Prospect Park,Brooklyn,False,72,21.26,52.42,0.16666666666666666,0.4861111111111111,False
2023-10,191,Queens Village,Queens,False,246,36.64,70.8,0.11382113821138211,0.5203252032520326,False
2023-10,192,Queensboro Hill,Queens,False,47,21.62,60.25,0.14893617021276595,0.5319148936170213,False
2023-10,193,Queensbridge/Ravenswood,Queens,False,519,15.27,45.41,0.15606936416184972,0.6878612716763006,False
2023-10,194,Randalls Island,Manhattan,False,124,18.49,40.38,0.008064516129032258,0.8306451612903226,False
2023-10,195,Red Hook,Brooklyn,False,550,36.34,56.36,0.04909090909090909,0.6363636363636364,False
2023-10,196,Rego Park,Queens,False,229,24.57,48.09,0.15283842794759825,0.5545851528384279,False
2023-10,197,Richmond Hill,Queens,False,395,17.6,62.02,0.10632911392405063,0.660759493670886,False
2023-10,198,Ridgewood,Queens,False,125,27.28,51.47,0.184,0.328,False
2023-10,199,Rikers Island,Bronx,False,4,30.02,34.09,0.0,0.5,False
2023-10,200,Riverdale/North Riverdale/Fieldston,Bronx,False,62,25.58,62.9,0.0967741935483871,0.6612903225806451,False
2023-10,201,Rockaway Park,Queens,False,46,54.84,91.43,0.17391304347826086,0.30434782608695654,False
2023-10,202,Roosevelt Island,Manhattan,False,131,27.75,50.22,0.09923664122137404,0.5648854961832062,False
2023-10,203,Rosedale,Queens,False,122,28.03,64.03,0.07377049180327869,0.5409836065573771,False
2023-10,205,Saint Albans,Queens,False,275,36.77,68.81,0.21818181818181817,0.3381818181818182,False
2023-10,207,Saint Michaels Cemetery/Woodside,Queens,False,42,24.28,57.43,0.16666666666666666,0.6666666666666666,False
2023-10,208,Schuylerville/Edgewater Park,Bronx,False,79,24.77,62.53,0.11392405063291139,0.4936708860759494,False
2023-10,209,Seaport,Manhattan,False,6516,16.25,33.46,0.09760589318600368,0.6837016574585635,True
2023-10,210,Sheepshead Bay,Brooklyn,False,94,58.68,103.35,0.07446808510638298,0.24468085106382978,False
2023-10,211,SoHo,Manhattan,False,26067,14.18,32.7,0.17850155368857176,0.5583688188130587,True
2023-10,212,Soundview/Bruckner,Bronx,False,75,31.3,64.92,0.24,0.37333333333333335,False
2023-10,213,Soundview/Castle Hill,Bronx,False,235,30.37,62.81,0.22127659574468084,0.3702127659574468,False
2023-10,214,South Beach/Dongan Hills,Staten Island,False,10,47.16,51.87,0.2,0.4,False
2023-10,215,South Jamaica,Queens,False,473,36.33,63.15,0.09725158562367865,0.5792811839323467,False
2023-10,216,South Ozone Park,Queens,False,670,10.64,59.09,0.0880597014925373,0.7194029850746269,False
2023-10,217,South Williamsburg,Brooklyn,False,110,18.02,59.65,0.13636363636363635,0.509090909090909,False
2023-10,218,Springfield Gardens North,Queens,False,281,37.4,73.52,0.21352313167259787,0.302491103202847,False
2023-10,219,Springfield Gardens South,Queens,False,312,39.04,71.21,0.03205128205128205,0.5448717948717948,False
2023-10,220,Spuyten Duyvil/Kingsbridge,Bronx,False,108,26.7,55.05,0.16666666666666666,0.5462962962962963,False
2023-10,221,Stapleton,Staten Island,False,3,22.57,41.66,0.0,0.3333333333333333,False
2023-10,222,Starrett City,Brooklyn,False,158,43.99,92.73,0.18354430379746836,0.2468354430379747,False
2023-10,223,Steinway,Queens,False,592,16.37,44.92,0.04560810810810811,0.7719594594594594,False
2023-10,224,Stuy Town/Peter Cooper Village,Manhattan,False,3716,12.94,26.63,0.15096878363832078,0.689989235737352,True
2023-10,225,Stuyvesant Heights,Brooklyn,False,338,32.09,64.67,0.2514792899408284,0.2869822485207101,False
2023-10,226,Sunnyside,Queens,False,2056,18.31,39.63,0.07684824902723736,0.6746108949416343,True
2023-10,227,Sunset Park East,Brooklyn,False,65,33.25,68.15,0.23076923076923078,0.3230769230769231,False
2023-10,228,Sunset Park West,Brooklyn,False,239,27.93,64.63,0.09205020920502092,0.5146443514644351,False
2023-10,229,Sutton Place/Turtle Bay North,Manhattan,False,62515,11.8,24.61,0.26204910821402866,0.6458130048788291,True
2023-10,230,Times Sq/Theatre District,Manhattan,False,114611,14.28,35.08,0.2513807575189118,0.5636631736918795,True
2023-10,231,TriBeCa/Civic Center,Manhattan,False,47172,14.78,33.58,0.12674891885016534,0.6442381073518189,True
2023-10,232,Two Bridges/Seward Park,Manhattan,False,3581,15.52,32.42,0.09997207483943032,0.6218933258866238,True
2023-10,233,UN/Turtle Bay South,Manhattan,False,40592,13.22,27.47,0.24847260543949548,0.6499556562869531,True
2023-10,234,Union Sq,Manhattan,False,91103,12.67,27.85,0.25747779985291375,0.5636696925457998,True
2023-10,235,University Heights/Morris Heights,Bronx,False,211,32.45,68.98,0.20853080568720378,0.4075829383886256,False
2023-10,236,Upper East Side North,Manhattan,False,147518,10.03,24.17,0.14213180764381295,0.7630323079217451,True
2023-10,237,Upper East Side South,Manhattan,False,165679,10.13,23.83,0.2505085134507089,0.6734166671696473,True
2023-10,238,Upper West Side North,Manhattan,False,65829,10.37,24.47,0.04946148354068875,0.8359385681082806,True
2023-10,239,Upper West Side South,Manhattan,False,95364,10.48,25.04,0.07006836961536848,0.8065097940522629,True
2023-10,240,Van Cortlandt Park,Bronx,False,10,18.14,38.68,0.1,0.5,False
2023-10,241,Van Cortlandt Village,Bronx,False,135,33.58,73.01,0.22962962962962963,0.35555555555555557,False
2023-10,242,Van Nest/Morris Park,Bronx,False,194,26.38,72.07,0.16494845360824742,0.4381443298969072,False
2023-10,243,Washington Heights North,Manhattan,False,373,18.12,41.36,0.08310991957104558,0.7694369973190348,False
2023-10,244,Washington Heights South,Manhattan,False,1731,16.68,37.28,0.057770075101097634,0.805314846909301,True
2023-10,246,West Chelsea/Hudson Yards,Manhattan,False,61409,15.13,29.18,0.2615414678630168,0.5477373023498184,True
2023-10,247,West Concourse,Bronx,False,225,19.8,56.81,0.15555555555555556,0.5911111111111111,False
2023-10,248,West Farms/Bronx River,Bronx,False,97,30.3,66.39,0.27835051546391754,0.31958762886597936,False
2023-10,249,West Village,Manhattan,False,79014,12.93,28.85,0.19674994304806742,0.5460930974257726,True
2023-10,250,Westchester Village/Unionport,Bronx,False,102,30.28,66.58,0.2647058823529412,0.4019607843137255,False
2023-10,251,Westerleigh,Staten Island,False,1,52.93,52.93,0.0,1.0,False
2023-10,252,Whitestone,Queens,False,48,20.17,39.22,0.10416666666666667,0.7083333333333334,False
2023-10,253,Willets Point,Queens,False,6,46.87,52.68,0.0,0.6666666666666666,False
2023-10,254,Williamsbridge/Olinville,Bronx,False,216,35.18,72.93,0.24074074074074073,0.38425925925925924,False
2023-10,255,Williamsburg (North Side),Brooklyn,False,1392,19.03,34.83,0.029454022988505746,0.5660919540229885,True
2023-10,256,Williamsburg (South Side),Brooklyn,False,1113,18.35,38.44,0.0664869721473495,0.5678346810422282,True
2023-10,257,Windsor Terrace,Brooklyn,False,54,24.88,58.96,0.12962962962962962,0.5,False
2023-10,258,Woodhaven,Queens,False,103,30.27,66.35,0.0970873786407767,0.5242718446601942,False
2023-10,259,Woodlawn/Wakefield,Bronx,False,67,33.02,72.53,0.14925373134328357,0.5074626865671642,False
2023-10,260,Woodside,Queens,False,644,15.62,44.06,0.09937888198757763,0.7003105590062112,False
2023-10,261,World Trade Center,Manhattan,False,18779,20.22,40.65,0.1266840619841312,0.5796368283721178,True
2023-10,262,Yorkville East,Manhattan,False,45703,10.35,22.78,0.07128634881736429,0.8405137518324837,True
2023-10,263,Yorkville West,Manhattan,False,62011,9.4,23.05,0.08214671590524261,0.8355775588202093,True
2023-10,264,,Unknown,False,24579,13.48,35.58,0.17352211237235038,0.6455510801904064,True
2023-10,265,Outside of NYC,,False,1120,18.25,60.5,0.10982142857142857,0.6321428571428571,True
2023-11,1,Newark Airport,EWR,True,87,0.53,35.89,0.1839080459770115,0.9310344827586207,False
2023-11,2,Jamaica Bay,Queens,False,1,81.02,81.02,0.0,0.0,False
2023-11,3,Allerton/Pelham Gardens,Bronx,False,79,29.48,82.2,0.26582278481012656,0.3670886075949367,False
2023-11,4,Alphabet City,Manhattan,False,3449,12.87,27.25,0.08553203827196289,0.6346767178892433,True
2023-11,6,Arrochar/Fort Wadsworth,Staten Island,False,13,0.4,15.25,0.0,1.0,False
2023-11,7,Astoria,Queens,False,1352,13.24,39.84,0.12130177514792899,0.6893491124260355,True
2023-11,8,Astoria Park,Queens,False,18,17.13,42.11,0.05555555555555555,0.8333333333333334,False
2023-11,9,Auburndale,Queens,False,43,21.52,50.71,0.23255813953488372,0.5813953488372093,False
2023-11,10,Baisley Park,Queens,False,903,41.88,72.41,0.053156146179401995,0.5503875968992248,False
2023-11,11,Bath Beach,Brooklyn,False,42,34.41,70.16,0.09523809523809523,0.47619047619047616,False
2023-11,12,Battery Park,Manhattan,False,1095,20.48,39.83,0.08949771689497717,0.6575342465753424,True
2023-11,13,Battery Park City,Manhattan,False,17679,16.97,35.7,0.05837434244018327,0.7464788732394366,True
2023-11,14,Bay Ridge,Brooklyn,False,244,36.97,76.48,0.09836065573770492,0.5450819672131147,False
2023-11,15,Bay Terrace/Fort Totten,Queens,False,30,37.73,56.93,0.06666666666666667,0.5,False
2023-11,16,Bayside,Queens,False,41,28.2,61.83,0.12195121951219512,0.6341463414634146,False
2023-11,17,Bedford,Brooklyn,False,321,26.45,57.83,0.24299065420560748,0.43613707165109034,False
2023-11,18,Bedford Park,Bronx,False,115,34.88,68.57,0.1826086956521739,0.40869565217391307,False
2023-11,19,Bellerose,Queens,False,64,20.81,53.7,0.078125,0.75,False
2023-11,20,Belmont,Bronx,False,64,23.51,69.14,0.171875,0.5,False
2023-11,21,Bensonhurst East,Brooklyn,False,70,49.62,100.74,0.24285714285714285,0.21428571428571427,False
2023-11,22,Bensonhurst West,Brooklyn,False,109,60.33,106.16,0.12844036697247707,0.25688073394495414,False
2023-11,23,Bloomfield/Emerson Hill,Staten Island,False,3,0.57,41.74,0.0,0.6666666666666666,False
2023-11,24,Bloomingdale,Manhattan,False,7474,11.29,26.98,0.032914102221032915,0.829007225046829,True
2023-11,25,Boerum Hill,Brooklyn,False,1107,16.95,46.36,0.11562782294489611,0.6350496838301717,True
2023-11,26,Borough Park,Brooklyn,False,113,37.75,82.22,0.34513274336283184,0.2743362831858407,False
2023-11,28,Briarwood/Jamaica Hills,Queens,False,223,25.32,58.72,0.13452914798206278,0.6457399103139013,False
2023-11,29,Brighton Beach,Brooklyn,False,84,62.58,101.84,0.15476190476190477,0.25,False
2023-11,31,Bronx Park,Bronx,False,13,42.38,55.76,0.23076923076923078,0.46153846153846156,False
2023-11,32,Bronxdale,Bronx,False,104,31.23,72.83,0.33653846153846156,0.3557692307692308,False
2023-11,33,Brooklyn Heights,Brooklyn,False,1290,20.05,42.37,0.06201550387596899,0.6744186046511628,True
2023-11,34,Brooklyn Navy Yard,Brooklyn,False,45,18.28,44.45,0.06666666666666667,0.6444444444444445,False
2023-11,35,Brownsville,Brooklyn,False,284,39.58,81.93,0.2887323943661972,0.20422535211267606,False
2023-11,36,Bushwick North,Brooklyn,False,127,25.62,53.13,0.12598425196850394,0.48031496062992124,False
2023-11,37,Bushwick South,Brooklyn,False,256,27.03,59.07,0.1484375,0.4609375,False
2023-11,38,Cambria Heights,Queens,False,114,29.76,83.44,0.13157894736842105,0.47368421052631576,False
2023-11,39,Canarsie,Brooklyn,False,340,39.13,88.9,0.22941176470588234,0.3235294117647059,False
2023-11,40,Carroll Gardens,Brooklyn,False,392,18.05,36.83,0.11989795918367346,0.6301020408163265,False
2023-11,41,Central Harlem,Manhattan,False,6310,10.38,29.12,0.06798732171156893,0.8126782884310618,True
2023-11,42,Central Harlem North,Manhattan,False,2110,13.58,41.8,0.1061611374407583,0.7009478672985782,True
2023-11,43,Central Park,Manhattan,False,56250,12.25,28.0,0.228,0.6478044444444444,True
2023-11,45,Chinatown,Manhattan,False,4036,16.25,39.05,0.15262636273538158,0.5906838453914767,True
2023-11,46,City Island,Bronx,False,3,39.72,47.14,0.0,0.3333333333333333,False
2023-11,47,Claremont/Bathgate,Bronx,False,123,30.4,70.8,0.23577235772357724,0.2764227642276423,False
2023-11,48,Clinton East,Manhattan,False,82675,11.82,27.05,0.1965648624130632,0.6557484124584215,True
2023-11,49,Clinton Hill,Brooklyn,False,355,25.38,62.2,0.16901408450704225,0.504225352112676,False
2023-11,50,Clinton West,Manhattan,False,19156,11.9,27.0,0.1512319899770307,0.7222802255168094,True
2023-11,51,Co-Op City,Bronx,False,357,35.07,67.31,0.20168067226890757,0.3753501400560224,False
2023-11,52,Cobble Hill,Brooklyn,False,599,18.15,39.59,0.13689482470784642,0.6277128547579299,False
2023-11,53,College Point,Queens,False,31,36.43,67.12,0.12903225806451613,0.41935483870967744,False
2023-11,54,Columbia Street,Brooklyn,False,61,20.13,35.1,0.04918032786885246,0.7868852459016393,False
2023-11,55,Coney Island,Brooklyn,False,157,49.4,97.48,0.11464968152866242,0.3184713375796178,False
2023-11,56,Corona,Queens,False,194,30.83,66.77,0.18041237113402062,0.3865979381443299,False
2023-11,57,Corona,Queens,False,7,25.98,45.81,0.0,0.8571428571428571,False
2023-11,58,Country Club,Bronx,False,4,24.28,55.97,0.25,0.75,False
2023-11,59,Crotona Park,Bronx,False,1,0.38,0.38,0.0,1.0,False
2023-11,60,Crotona Park East,Bronx,False,58,26.58,52.21,0.22413793103448276,0.39655172413793105,False
2023-11,61,Crown Heights North,Brooklyn,False,595,32.33,69.12,0.24201680672268908,0.33949579831932775,False
2023-11,62,Crown Heights South,Brooklyn,False,209,33.05,68.1,0.23923444976076555,0.3062200956937799,False
2023-11,63,Cypress Hills,Brooklyn,False,90,33.35,64.27,0.13333333333333333,0.4444444444444444,False
2023-11,64,Douglaston,Queens,False,29,29.08,77.29,0.1724137931034483,0.5517241379310345,False
2023-11,65,Downtown Brooklyn/MetroTech,Brooklyn,False,1754,17.83,39.84,0.07525655644241733,0.6989737742303307,True
2023-11,66,DUMBO/Vinegar Hill,Brooklyn,False,765,18.72,38.17,0.05620915032679739,0.7098039215686275,False
2023-11,67,Dyker Heights,Brooklyn,False,39,40.37,66.27,0.15384615384615385,0.41025641025641024,False
2023-11,68,East Chelsea,Manhattan,False,86565,15.7,32.23,0.29180384682030847,0.5060012707214232,True
2023-11,69,East Concourse/Concourse Village,Bronx,False,240,29.67,67.84,0.25833333333333336,0.30416666666666664,False
2023-11,70,East Elmhurst,Queens,False,15894,29.47,51.2,0.013338366679250032,0.7080659368315088,True
2023-11,71,East Flatbush/Farragut,Brooklyn,False,221,32.77,79.3,0.2986425339366516,0.22624434389140272,False
2023-11,72,East Flatbush/Remsen Village,Brooklyn,False,242,36.11,79.31,0.23140495867768596,0.2190082644628099,False
2023-11,73,East Flushing,Queens,False,12,44.65,98.38,0.25,0.3333333333333333,False
2023-11,74,East Harlem North,Manhattan,False,5719,11.17,27.65,0.08917642944570729,0.8017135862913096,True
2023-11,75,East Harlem South,Manhattan,False,17368,10.3,26.93,0.08959005066789498,0.8063104560110548,True
2023-11,76,East New York,Brooklyn,False,492,36.88,86.46,0.21951219512195122,0.258130081300813,False
2023-11,77,East New York/Pennsylvania Avenue,Brooklyn,False,99,38.02,83.06,0.29292929292929293,0.21212121212121213,False
2023-11,78,East Tremont,Bronx,False,137,25.05,58.26,0.2846715328467153,0.3795620437956204,False
2023-11,79,East Village,Manhattan,False,71673,11.95,25.93,0.12459364056199684,0.655225817253359,True
2023-11,80,East Williamsburg,Brooklyn,False,478,16.72,40.47,0.06485355648535565,0.6903765690376569,False
2023-11,81,Eastchester,Bronx,False,81,30.67,53.67,0.19753086419753085,0.41975308641975306,False
2023-11,82,Elmhurst,Queens,False,370,20.17,54.05,0.1783783783783784,0.5378378378378378,False
2023-11,83,Elmhurst/Maspeth,Queens,False,133,21.17,52.33,0.09774436090225563,0.6541353383458647,False
2023-11,85,Erasmus,Brooklyn,False,121,38.58,80.68,0.2809917355371901,0.2727272727272727,False
2023-11,86,Far Rockaway,Queens,False,197,59.48,110.99,0.1319796954314721,0.2436548223350254,False
2023-11,87,Financial District North,Manhattan,False,15277,17.12,35.59,0.0838515415330235,0.7123126268246384,True
2023-11,88,Financial District South,Manhattan,False,8253,18.32,37.81,0.06615776081424936,0.707742639040349,True
2023-11,89,Flatbush/Ditmas Park,Brooklyn,False,364,34.79,73.7,0.260989010989011,0.30494505494505497,False
2023-11,90,Flatiron,Manhattan,False,51004,11.88,29.0,0.2545094502391969,0.5907968002509607,True
2023-11,91,Flatlands,Brooklyn,False,234,37.95,86.45,0.24786324786324787,0.20512820512820512,False
2023-11,92,Flushing,Queens,False,149,30.5,67.5,0.15436241610738255,0.40939597315436244,False
2023-11,93,Flushing Meadows-Corona Park,Queens,False,411,21.3,46.58,0.014598540145985401,0.8321167883211679,False
2023-11,94,Fordham South,Bronx,False,63,34.32,69.79,0.31746031746031744,0.25396825396825395,False
2023-11,95,Forest Hills,Queens,False,382,21.47,55.53,0.17015706806282724,0.5654450261780105,False
2023-11,96,Forest Park/Highland Park,Queens,False,10,12.42,27.6,0.0,0.9,False
2023-11,97,Fort Greene,Brooklyn,False,1134,17.16,42.26,0.12257495590828923,0.6119929453262787,True
2023-11,98,Fresh Meadows,Queens,False,44,31.83,64.68,0.13636363636363635,0.29545454545454547,False
2023-11,100,Garment District,Manhattan,False,52576,13.72,29.93,0.35255629945222156,0.4978507303712721,True
2023-11,101,Glen Oaks,Queens,False,36,22.51,65.72,0.08333333333333333,0.75,False
2023-11,102,Glendale,Queens,False,75,30.47,55.78,0.09333333333333334,0.4666666666666667,False
2023-11,105,Governor's Island/Ellis Island/Liberty Island,Manhattan,False,1,4.82,4.82,0.0,1.0,False
2023-11,106,Gowanus,Brooklyn,False,123,28.03,51.23,0.15447154471544716,0.4878048780487805,False
2023-11,107,Gramercy,Manhattan,False,66174,11.38,25.42,0.1844682201468855,0.6715477377822106,True
2023-11,108,Gravesend,Brooklyn,False,53,38.55,76.52,0.1320754716981132,0.33962264150943394,False
2023-11,111,Green-Wood Cemetery,Brooklyn,False,2,6.59,11.19,0.0,1.0,False
2023-11,112,Greenpoint,Brooklyn,False,467,17.05,30.66,0.044967880085653104,0.7259100642398287,False
2023-11,113,Greenwich Village North,Manhattan,False,45979,12.0,28.98,0.2139889949759673,0.5873550968920594,True
2023-11,114,Greenwich Village South,Manhattan,False,44269,11.95,27.47,0.14082089046511104,0.6093428810228376,True
2023-11,116,Hamilton Heights,Manhattan,False,1644,14.56,33.41,0.05291970802919708,0.781021897810219,True
2023-11,117,Hammels/Arverne,Queens,False,172,52.86,103.98,0.19186046511627908,0.26744186046511625,False
2023-11,118,Heartland Village/Todt Hill,Staten Island,False,1,12.73,12.73,0.0,1.0,False
2023-11,119,Highbridge,Bronx,False,134,26.32,55.83,0.2537313432835821,0.40298507462686567,False
2023-11,120,Highbridge Park,Manhattan,False,16,9.67,40.85,0.0625,0.875,False
2023-11,121,Hillcrest/Pomonok,Queens,False,138,30.88,66.03,0.2246376811594203,0.42028985507246375,False
2023-11,122,Hollis,Queens,False,80,25.6,70.94,0.1625,0.4875,False
2023-11,123,Homecrest,Brooklyn,False,70,36.43,92.87,0.21428571428571427,0.34285714285714286,False
2023-11,124,Howard Beach,Queens,False,87,26.97,68.15,0.12643678160919541,0.4942528735632184,False
2023-11,125,Hudson Sq,Manhattan,False,15734,12.1,30.5,0.13232490148722512,0.6573026566670904,True
2023-11,126,Hunts Point,Bronx,False,63,23.45,58.44,0.23809523809523808,0.36507936507936506,False
2023-11,127,Inwood,Manhattan,False,149,23.97,85.9,0.08053691275167785,0.5704697986577181,False
2023-11,128,Inwood Hill Park,Manhattan,False,17,26.73,46.47,0.23529411764705882,0.6470588235294118,False
2023-11,129,Jackson Heights,Queens,False,664,14.83,47.68,0.17921686746987953,0.6762048192771084,False
2023-11,130,Jamaica,Queens,False,520,32.0,65.24,0.12884615384615383,0.5615384615384615,False
2023-11,131,Jamaica Estates,Queens,False,136,29.65,79.48,0.3014705882352941,0.4338235294117647,False
2023-11,132,JFK Airport,Queens,True,154973,41.78,72.4,0.009569408864769991,0.5888574138720939,True
2023-11,133,Kensington,Brooklyn,False,86,28.23,71.77,0.1744186046511628,0.45348837209302323,False
2023-11,134,Kew Gardens,Queens,False,304,13.43,45.84,0.10855263157894737,0.7796052631578947,False
2023-11,135,Kew Gardens Hills,Queens,False,91,28.05,66.82,0.14285714285714285,0.4945054945054945,False
2023-11,136,Kingsbridge Heights,Bronx,False,111,31.92,81.08,0.1891891891891892,0.40540540540540543,False
2023-11,137,Kips Bay,Manhattan,False,32489,11.13,25.83,0.1911723968112284,0.7020222229062144,True
2023-11,138,LaGuardia Airport,Queens,False,116803,30.65,52.0,0.007970685684443037,0.7020110784825733,True
2023-11,139,Laurelton,Queens,False,97,47.68,88.66,0.13402061855670103,0.3402061855670103,False
2023-11,140,Lenox Hill East,Manhattan,False,64050,12.05,25.97,0.20939890710382514,0.6967993754879,True
2023-11,141,Lenox Hill West,Manhattan,False,76212,10.55,23.9,0.23557969873510734,0.6937096520233034,True
2023-11,142,Lincoln Square East,Manhattan,False,109965,10.98,24.4,0.13334242713590688,0.7362615377620152,True
2023-11,143,Lincoln Square West,Manhattan,False,34914,10.5,23.63,0.09380191327261271,0.8015982127513318,True
2023-11,144,Little Italy/NoLiTa,Manhattan,False,29103,13.42,30.73,0.14637666219977322,0.601999793835687,True
2023-11,145,Long Island City/Hunters Point,Queens,False,1489,14.63,38.16,0.0745466756212223,0.7427803895231699,True
2023-11,146,Long Island City/Queens Plaza,Queens,False,1320,13.49,29.39,0.09772727272727273,0.7575757575757576,True
2023-11,147,Longwood,Bronx,False,71,34.23,68.07,0.2535211267605634,0.30985915492957744,False
2023-11,148,Lower East Side,Manhattan,False,31253,13.02,27.37,0.09442293539820178,0.6448660928550859,True
2023-11,149,Madison,Brooklyn,False,56,36.03,86.24,0.26785714285714285,0.3392857142857143,False
2023-11,150,Manhattan Beach,Brooklyn,False,48,38.7,112.73,0.14583333333333334,0.4166666666666667,False
2023-11,151,Manhattan Valley,Manhattan,False,24475,10.3,24.98,0.049111338100102146,0.842655771195097,True
2023-11,152,Manhattanville,Manhattan,False,1519,11.83,28.58,0.051349572086899276,0.8308097432521395,True
2023-11,153,Marble Hill,Manhattan,False,23,22.13,42.42,0.08695652173913043,0.6086956521739131,False
2023-11,154,Marine Park/Floyd Bennett Field,Brooklyn,False,35,12.78,26.84,0.0,0.9142857142857143,False
2023-11,155,Marine Park/Mill Basin,Brooklyn,False,134,32.88,88.64,0.16417910447761194,0.3358208955223881,False
2023-11,156,Mariners Harbor,Staten Island,False,4,10.4,32.51,0.0,0.5,False
2023-11,157,Maspeth,Queens,False,272,18.58,42.18,0.08455882352941177,0.7904411764705882,False
2023-11,158,Meatpacking/West Village West,Manhattan,False,28413,13.85,29.87,0.16003237954457467,0.5877943195016365,True
2023-11,159,Melrose South,Bronx,False,193,24.75,57.4,0.38341968911917096,0.35751295336787564,False
2023-11,160,Middle Village,Queens,False,69,28.18,53.91,0.11594202898550725,0.5217391304347826,False
2023-11,161,Midtown Center,Manhattan,False,161878,13.97,28.95,0.35045528113764685,0.5193787914355256,True
2023-11,162,Midtown East,Manhattan,False,119850,13.45,27.57,0.3190821860659157,0.5737254901960784,True
2023-11,163,Midtown North,Manhattan,False,101272,12.87,28.73,0.2937337072438581,0.5734852673986887,True
2023-11,164,Midtown South,Manhattan,False,76478,13.0,28.63,0.27959674677685087,0.5804937367608985,True
2023-11,165,Midwood,Brooklyn,False,119,41.95,80.87,0.24369747899159663,0.15966386554621848,False
2023-11,166,Morningside Heights,Manhattan,False,13086,12.18,28.88,0.036680421824850984,0.8081919608742167,True
2023-11,167,Morrisania/Melrose,Bronx,False,165,33.45,71.81,0.3939393939393939,0.2787878787878788,False
2023-11,168,Mott Haven/Port Morris,Bronx,False,309,21.73,59.01,0.1553398058252427,0.5339805825242718,False
2023-11,169,Mount Hope,Bronx,False,145,27.63,66.31,0.31724137931034485,0.38620689655172413,False
2023-11,170,Murray Hill,Manhattan,False,95229,12.85,27.67,0.2864043516155793,0.6053303090445138,True
2023-11,171,Murray Hill-Queens,Queens,False,51,40.63,70.98,0.1568627450980392,0.43137254901960786,False
2023-11,172,New Dorp/Midland Beach,Staten Island,False,1,39.47,39.47,0.0,1.0,False
2023-11,173,North Corona,Queens,False,64,13.49,45.66,0.15625,0.671875,False
2023-11,174,Norwood,Bronx,False,128,27.33,72.45,0.21875,0.4453125,False
2023-11,175,Oakland Gardens,Queens,False,42,24.78,60.24,0.11904761904761904,0.6190476190476191,False
2023-11,177,Ocean Hill,Brooklyn,False,176,32.12,72.61,0.32386363636363635,0.24431818181818182,False
2023-11,178,Ocean Parkway South,Brooklyn,False,31,28.25,105.37,0.16129032258064516,0.3870967741935484,False
2023-11,179,Old Astoria,Queens,False,426,13.91,38.95,0.107981220657277,0.7018779342723005,False
2023-11,180,Ozone Park,Queens,False,48,27.41,68.55,0.0625,0.5208333333333334,False
2023-11,181,Park Slope,Brooklyn,False,1000,19.05,49.77,0.108,0.545,True
2023-11,182,Parkchester,Bronx,False,174,34.95,64.82,0.28160919540229884,0.29310344827586204,False
2023-11,183,Pelham Bay,Bronx,False,44,32.73,63.76,0.13636363636363635,0.38636363636363635,False
2023-11,184,Pelham Bay Park,Bronx,False,6,15.47,51.1,0.16666666666666666,0.8333333333333334,False
2023-11,185,Pelham Parkway,Bronx,False,94,33.43,71.45,0.2127659574468085,0.3723404255319149,False
2023-11,186,Penn Station/Madison Sq West,Manhattan,False,110008,15.9,32.27,0.3637644534942913,0.4512217293287761,True
2023-11,187,Port Richmond,Staten Island,False,2,33.18,41.2,0.5,0.5,False
2023-11,188,Prospect-Lefferts Gardens,Brooklyn,False,406,33.14,78.62,0.2733990147783251,0.30295566502463056,False
2023-11,189,Prospect Heights,Brooklyn,False,293,21.2,48.89,0.09897610921501707,0.5563139931740614,False
2023-11,190,Prospect Park,Brooklyn,False,55,21.73,50.82,0.14545454545454545,0.5454545454545454,False
2023-11,191,Queens Village,Queens,False,234,35.2,82.63,0.1581196581196581,0.43162393162393164,False
2023-11,192,Queensboro Hill,Queens,False,42,25.33,50.22,0.14285714285714285,0.47619047619047616,False
2023-11,193,Queensbridge/Ravenswood,Queens,False,499,15.0,44.96,0.1523046092184369,0.7154308617234469,False
2023-11,194,Randalls Island,Manhattan,False,133,15.77,39.41,0.022556390977443608,0.8120300751879699,False
2023-11,195,Red Hook,Brooklyn,False,458,31.48,52.44,0.05458515283842795,0.6834061135371179,False
2023-11,196,Rego Park,Queens,False,239,24.35,52.19,0.12133891213389121,0.5732217573221757,False
2023-11,197,Richmond Hill,Queens,False,340,15.56,62.3,0.11176470588235295,0.6323529411764706,False
2023-11,198,Ridgewood,Queens,False,110,29.48,66.44,0.14545454545454545,0.42727272727272725,False
2023-11,199,Rikers Island,Bronx,False,3,22.97,32.62,0.0,0.6666666666666666,False
2023-11,200,Riverdale/North Riverdale/Fieldston,Bronx,False,58,30.02,70.78,0.1206896551724138,0.6551724137931034,False
2023-11,201,Rockaway Park,Queens,False,41,52.57,91.73,0.24390243902439024,0.21951219512195122,False
2023-11,202,Roosevelt Island,Manhattan,False,134,23.92,58.8,0.11940298507462686,0.5522388059701493,False
2023-11,203,Rosedale,Queens,False,124,33.13,75.95,0.14516129032258066,0.4435483870967742,False
2023-11,205,Saint Albans,Queens,False,307,37.1,73.89,0.24104234527687296,0.3127035830618892,False
2023-11,206,Saint George/New Brighton,Staten Island,False,2,2.97,2.97,0.0,1.0,False
2023-11,207,Saint Michaels Cemetery/Woodside,Queens,False,44,24.31,46.11,0.20454545454545456,0.6818181818181818,False
2023-11,208,Schuylerville/Edgewater Park,Bronx,False,75,29.38,57.36,0.18666666666666668,0.5066666666666667,False
2023-11,209,Seaport,Manhattan,False,5715,15.68,33.78,0.09413823272090989,0.6962379702537183,True
2023-11,210,Sheepshead Bay,Brooklyn,False,79,63.63,108.84,0.20253164556962025,0.27848101265822783,False
2023-11,211,SoHo,Manhattan,False,24475,13.38,32.13,0.16845760980592442,0.5987742594484168,True
2023-11,212,Soundview/Bruckner,Bronx,False,89,32.08,70.58,0.23595505617977527,0.3595505617977528,False
2023-11,213,Soundview/Castle Hill,Bronx,False,213,29.55,56.8,0.2300469483568075,0.4507042253521127,False
2023-11,214,South Beach/Dongan Hills,Staten Island,False,3,54.65,62.1,0.0,0.0,False
2023-11,215,South Jamaica,Queens,False,520,34.31,64.24,0.11538461538461539,0.5865384615384616,False
2023-11,216,South Ozone Park,Queens,False,603,8.25,57.31,0.07296849087893864,0.736318407960199,False
2023-11,217,South Williamsburg,Brooklyn,False,131,20.17,50.72,0.1450381679389313,0.5190839694656488,False
2023-11,218,Springfield Gardens North,Queens,False,289,35.55,76.6,0.2041522491349481,0.2906574394463668,False
2023-11,219,Springfield Gardens South,Queens,False,325,33.17,76.23,0.08923076923076922,0.5292307692307693,False
2023-11,220,Spuyten Duyvil/Kingsbridge,Bronx,False,124,25.36,60.51,0.1693548387096774,0.5887096774193549,False
2023-11,221,Stapleton,Staten Island,False,7,0.4,77.84,0.14285714285714285,0.8571428571428571,False
2023-11,222,Starrett City,Brooklyn,False,179,42.17,80.85,0.22905027932960895,0.2905027932960894,False
2023-11,223,Steinway,Queens,False,579,15.17,42.02,0.05872193436960276,0.7806563039723662,False
2023-11,224,Stuy Town/Peter Cooper Village,Manhattan,False,3542,12.31,26.46,0.13721061547148503,0.7108977978543196,True
2023-11,225,Stuyvesant Heights,Brooklyn,False,280,33.88,74.8,0.28214285714285714,0.2857142857142857,False
2023-11,226,Sunnyside,Queens,False,2010,17.51,40.85,0.07611940298507462,0.690547263681592,True
2023-11,227,Sunset Park East,Brooklyn,False,49,33.93,70.63,0.1836734693877551,0.3673469387755102,False
2023-11,228,Sunset Park West,Brooklyn,False,138,29.81,74.87,0.08695652173913043,0.5289855072463768,False
2023-11,229,Sutton Place/Turtle Bay North,Manhattan,False,61229,11.85,24.92,0.29327606199676626,0.6253572653481193,True
2023-11,230,Times Sq/Theatre District,Manhattan,False,108182,14.17,33.93,0.2839104472093324,0.5392579172135845,True
2023-11,231,TriBeCa/Civic Center,Manhattan,False,41973,14.15,33.03,0.12498510947513879,0.6649274533628762,True
2023-11,232,Two Bridges/Seward Park,Manhattan,False,3778,15.26,34.17,0.1034939121228163,0.644785600847009,True
2023-11,233,UN/Turtle Bay South,Manhattan,False,37417,12.98,27.67,0.2606034690114119,0.6465510329529358,True
2023-11,234,Union Sq,Manhattan,False,86940,12.32,28.08,0.2567632850241546,0.5855992638601334,True
2023-11,235,University Heights/Morris Heights,Bronx,False,197,29.52,66.28,0.24873096446700507,0.39086294416243655,False
2023-11,236,Upper East Side North,Manhattan,False,146414,10.07,24.6,0.17066673951944486,0.7406532162224924,True
2023-11,237,Upper East Side South,Manhattan,False,166061,10.43,24.38,0.292326313824438,0.6394577896074334,True
2023-11,238,Upper West Side North,Manhattan,False,62912,10.27,24.48,0.06032235503560529,0.829491988809766,True
2023-11,239,Upper West Side South,Manhattan,False,91087,10.43,25.17,0.08248158354101025,0.7946798116086818,True
2023-11,240,Van Cortlandt Park,Bronx,False,11,20.3,33.8,0.09090909090909091,0.7272727272727273,False
2023-11,241,Van Cortlandt Village,Bronx,False,122,33.78,67.17,0.20491803278688525,0.36065573770491804,False
2023-11,242,Van Nest/Morris Park,Bronx,False,180,27.73,60.79,0.25555555555555554,0.42777777777777776,False
2023-11,243,Washington Heights North,Manhattan,False,317,20.35,47.52,0.10725552050473186,0.750788643533123,False
2023-11,244,Washington Heights South,Manhattan,False,1348,16.69,38.92,0.06750741839762611,0.793026706231454,True
2023-11,246,West Chelsea/Hudson Yards,Manhattan,False,56165,15.02,28.78,0.2650583103356183,0.5538146532538057,True
2023-11,247,West Concourse,Bronx,False,209,20.1,46.62,0.15311004784688995,0.5933014354066986,False
2023-11,248,West Farms/Bronx River,Bronx,False,87,25.93,69.06,0.367816091954023,0.42528735632183906,False
2023-11,249,West Village,Manhattan,False,72923,12.12,27.75,0.1701520782194918,0.5924468274755564,True
2023-11,250,Westchester Village/Unionport,Bronx,False,88,31.59,62.84,0.22727272727272727,0.32954545454545453,False
2023-11,251,Westerleigh,Staten Island,False,1,96.33,96.33,0.0,0.0,False
2023-11,252,Whitestone,Queens,False,40,21.86,49.41,0.1,0.625,False
2023-11,253,Willets Point,Queens,False,4,42.31,54.24,0.0,0.75,False
2023-11,254,Williamsbridge/Olinville,Bronx,False,202,34.76,74.74,0.15346534653465346,0.3811881188118812,False
2023-11,255,Williamsburg (North Side),Brooklyn,False,910,18.01,35.33,0.046153846153846156,0.6307692307692307,False
2023-11,256,Williamsburg (South Side),Brooklyn,False,764,17.0,37.93,0.0693717277486911,0.637434554973822,False
2023-11,257,Windsor Terrace,Brooklyn,False,51,28.83,58.75,0.13725490196078433,0.5686274509803921,False
2023-11,258,Woodhaven,Queens,False,103,34.03,70.81,0.1262135922330097,0.3786407766990291,False
2023-11,259,Woodlawn/Wakefield,Bronx,False,86,41.88,84.44,0.10465116279069768,0.45348837209302323,False
2023-11,260,Woodside,Queens,False,493,15.7,40.43,0.09127789046653144,0.716024340770791,False
2023-11,261,World Trade Center,Manhattan,False,16061,18.93,39.23,0.11998007596040097,0.6207583587572381,True
2023-11,262,Yorkville East,Manhattan,False,44129,10.5,22.88,0.08692696412789776,0.8273017743434024,True
2023-11,263,Yorkville West,Manhattan,False,60296,9.37,23.33,0.10229534297465835,0.8214972800849144,True
2023-11,264,,Unknown,False,21623,13.52,35.07,0.1948388290246497,0.6341395736021829,True
2023-11,265,Outside of NYC,,False,960,16.58,60.44,0.10833333333333334,0.6541666666666667,False
2023-12,1,Newark Airport,EWR,True,104,0.34,15.59,0.20192307692307693,0.9519230769230769,False
2023-12,2,Jamaica Bay,Queens,False,3,33.73,37.51,0.0,1.0,False
2023-12,3,Allerton/Pelham Gardens,Bronx,False,74,26.51,63.04,0.10810810810810811,0.5,False
2023-12,4,Alphabet City,Manhattan,False,4425,13.22,27.45,0.08,0.6336723163841808,True
2023-12,6,Arrochar/Fort Wadsworth,Staten Island,False,14,1.82,35.01,0.07142857142857142,0.8571428571428571,False
2023-12,7,Astoria,Queens,False,1633,13.67,37.14,0.09491733006736068,0.7403551745254133,True
2023-12,8,Astoria Park,Queens,False,20,23.61,44.56,0.0,0.65,False
2023-12,9,Auburndale,Queens,False,49,23.45,69.11,0.16326530612244897,0.5714285714285714,False
2023-12,10,Baisley Park,Queens,False,925,40.45,71.44,0.04108108108108108,0.5481081081081081,False
2023-12,11,Bath Beach,Brooklyn,False,50,42.98,101.91,0.08,0.32,False
2023-12,12,Battery Park,Manhattan,False,1400,21.07,39.58,0.07285714285714286,0.6521428571428571,True
2023-12,13,Battery Park City,Manhattan,False,18409,16.87,35.22,0.060731164104514096,0.7338801673094681,True
2023-12,14,Bay Ridge,Brooklyn,False,303,32.92,74.89,0.0858085808580858,0.6435643564356436,False
2023-12,15,Bay Terrace/Fort Totten,Queens,False,18,23.78,85.71,0.2777777777777778,0.6111111111111112,False
2023-12,16,Bayside,Queens,False,51,25.6,65.83,0.058823529411764705,0.7450980392156863,False
2023-12,17,Bedford,Brooklyn,False,455,25.42,52.04,0.2043956043956044,0.44395604395604393,False
2023-12,18,Bedford Park,Bronx,False,142,28.48,73.78,0.1267605633802817,0.5140845070422535,False
2023-12,19,Bellerose,Queens,False,71,20.22,80.72,0.14084507042253522,0.6338028169014085,False
2023-12,20,Belmont,Bronx,False,111,31.25,68.08,0.22522522522522523,0.34234234234234234,False
2023-12,21,Bensonhurst East,Brooklyn,False,83,40.22,99.83,0.08433734939759036,0.3493975903614458,False
2023-12,22,Bensonhurst West,Brooklyn,False,152,41.28,89.93,0.13815789473684212,0.3355263157894737,False
2023-12,23,Bloomfield/Emerson Hill,Staten Island,False,5,33.67,112.21,0.2,0.8,False
2023-12,24,Bloomingdale,Manhattan,False,8196,11.18,27.03,0.030502684236212788,0.8388238164958516,True
2023-12,25,Boerum Hill,Brooklyn,False,1277,19.38,45.94,0.11276429130775255,0.5873140172278778,True
2023-12,26,Borough Park,Brooklyn,False,150,35.04,73.79,0.25333333333333335,0.29333333333333333,False
2023-12,28,Briarwood/Jamaica Hills,Queens,False,274,25.69,57.82,0.08029197080291971,0.6678832116788321,False
2023-12,29,Brighton Beach,Brooklyn,False,111,56.67,113.05,0.0990990990990991,0.3063063063063063,False
2023-12,30,Broad Channel,Queens,False,6,20.89,53.18,0.0,0.8333333333333334,False
2023-12,31,Bronx Park,Bronx,False,16,31.08,50.08,0.0,0.5,False
2023-12,32,Bronxdale,Bronx,False,118,31.08,75.01,0.211864406779661,0.4152542372881356,False
2023-12,33,Brooklyn Heights,Brooklyn,False,1604,19.83,40.86,0.06109725685785536,0.6770573566084788,True
2023-12,34,Brooklyn Navy Yard,Brooklyn,False,79,17.85,46.15,0.02531645569620253,0.7088607594936709,False
2023-12,35,Brownsville,Brooklyn,False,404,30.97,76.15,0.25495049504950495,0.3069306930693069,False
2023-12,36,Bushwick North,Brooklyn,False,254,23.92,45.93,0.07086614173228346,0.5236220472440944,False
2023-12,37,Bushwick South,Brooklyn,False,441,24.88,53.37,0.1292517006802721,0.46258503401360546,False
2023-12,38,Cambria Heights,Queens,False,108,43.07,76.85,0.12962962962962962,0.4074074074074074,False
2023-12,39,Canarsie,Brooklyn,False,471,36.8,85.78,0.15711252653927812,0.3651804670912951,False
2023-12,40,Carroll Gardens,Brooklyn,False,404,18.02,38.07,0.11386138613861387,0.6435643564356436,False
2023-12,41,Central Harlem,Manhattan,False,7808,10.7,28.77,0.0626280737704918,0.8135245901639344,True
2023-12,42,Central Harlem North,Manhattan,False,2980,12.79,39.15,0.09798657718120805,0.7322147651006712,True
2023-12,43,Central Park,Manhattan,False,60981,12.48,29.48,0.25009429166461683,0.632344500746134,True
2023-12,44,Charleston/Tottenville,Staten Island,False,1,10.48,10.48,0.0,1.0,False
2023-12,45,Chinatown,Manhattan,False,4801,15.95,38.43,0.1558008748177463,0.5896688189960425,True
2023-12,46,City Island,Bronx,False,4,47.97,188.0,0.25,0.25,False
2023-12,47,Claremont/Bathgate,Bronx,False,135,30.93,82.52,0.17037037037037037,0.4,False
2023-12,48,Clinton East,Manhattan,False,88395,12.3,28.52,0.22136998699021437,0.6261100740992137,True
2023-12,49,Clinton Hill,Brooklyn,False,568,25.63,58.27,0.11267605633802817,0.4876760563380282,False
2023-12,50,Clinton West,Manhattan,False,19687,11.92,27.07,0.1760552648956164,0.6988875907959567,True
2023-12,51,Co-Op City,Bronx,False,338,35.48,73.67,0.1301775147928994,0.3727810650887574,False
2023-12,52,Cobble Hill,Brooklyn,False,543,16.7,38.25,0.13996316758747698,0.6279926335174953,False
2023-12,53,College Point,Queens,False,45,24.38,61.02,0.044444444444444446,0.7111111111111111,False
2023-12,54,Columbia Street,Brooklyn,False,66,20.78,37.47,0.045454545454545456,0.7727272727272727,False
2023-12,55,Coney Island,Brooklyn,False,189,46.48,99.59,0.12169312169312169,0.38095238095238093,False
2023-12,56,Corona,Queens,False,241,24.82,58.48,0.11203319502074689,0.5186721991701245,False
2023-12,57,Corona,Queens,False,10,24.4,51.01,0.2,0.8,False
2023-12,58,Country Club,Bronx,False,4,17.88,34.35,0.0,0.75,False
2023-12,59,Crotona Park,Bronx,False,3,55.15,67.68,0.0,0.0,False
2023-12,60,Crotona Park East,Bronx,False,94,27.76,70.28,0.22340425531914893,0.4787234042553192,False
2023-12,61,Crown Heights North,Brooklyn,False,947,30.13,65.13,0.18268215417106654,0.3864836325237592,False
2023-12,62,Crown Heights South,Brooklyn,False,307,33.4,68.05,0.1791530944625407,0.3485342019543974,False
2023-12,63,Cypress Hills,Brooklyn,False,113,28.73,55.56,0.09734513274336283,0.39823008849557523,False
2023-12,64,Douglaston,Queens,False,34,22.92,84.06,0.058823529411764705,0.6470588235294118,False
2023-12,65,Downtown Brooklyn/MetroTech,Brooklyn,False,2083,18.07,41.99,0.07441190590494479,0.6817090734517522,True
2023-12,66,DUMBO/Vinegar Hill,Brooklyn,False,1230,19.48,40.34,0.055284552845528454,0.667479674796748,True
2023-12,67,Dyker Heights,Brooklyn,False,120,36.77,70.54,0.03333333333333333,0.525,False
2023-12,68,East Chelsea,Manhattan,False,89235,15.8,32.77,0.30746904241609235,0.5004202386955791,True
2023-12,69,East Concourse/Concourse Village,Bronx,False,317,26.7,68.69,0.1892744479495268,0.4637223974763407,False
2023-12,70,East Elmhurst,Queens,False,14064,29.77,53.12,0.01151877133105802,0.6966723549488054,True
2023-12,71,East Flatbush/Farragut,Brooklyn,False,237,31.9,78.39,0.25738396624472576,0.28270042194092826,False
2023-12,72,East Flatbush/Remsen Village,Brooklyn,False,326,32.63,74.17,0.24539877300613497,0.3159509202453988,False
2023-12,73,East Flushing,Queens,False,24,38.09,76.13,0.16666666666666666,0.2916666666666667,False
2023-12,74,East Harlem North,Manhattan,False,6765,11.07,28.12,0.07021433850702144,0.8097560975609757,True
2023-12,75,East Harlem South,Manhattan,False,18978,10.02,26.89,0.07835388344398778,0.8218990409948361,True
2023-12,76,East New York,Brooklyn,False,628,32.26,69.85,0.15286624203821655,0.32643312101910826,False
2023-12,77,East New York/Pennsylvania Avenue,Brooklyn,False,177,35.13,70.88,0.1751412429378531,0.3785310734463277,False
2023-12,78,East Tremont,Bronx,False,144,28.94,68.1,0.2361111111111111,0.4375,False
2023-12,79,East Village,Manhattan,False,79447,11.62,26.43,0.11940035495361688,0.6614472541442723,True
2023-12,80,East Williamsburg,Brooklyn,False,621,17.9,36.72,0.05475040257648953,0.6811594202898551,False
2023-12,81,Eastchester,Bronx,False,98,30.07,78.84,0.15306122448979592,0.4387755102040816,False
2023-12,82,Elmhurst,Queens,False,460,17.45,45.7,0.1282608695652174,0.6195652173913043,False
2023-12,83,Elmhurst/Maspeth,Queens,False,150,13.43,31.45,0.10666666666666667,0.7533333333333333,False
2023-12,85,Erasmus,Brooklyn,False,178,27.88,85.81,0.2303370786516854,0.3539325842696629,False
2023-12,86,Far Rockaway,Queens,False,212,56.8,107.73,0.11320754716981132,0.2830188679245283,False
2023-12,87,Financial District North,Manhattan,False,17648,17.35,36.62,0.0832388939256573,0.6901065276518585,True
2023-12,88,Financial District South,Manhattan,False,9809,18.18,37.86,0.07075135080028545,0.6993577326944642,True
2023-12,89,Flatbush/Ditmas Park,Brooklyn,False,477,35.1,80.93,0.19916142557651992,0.3018867924528302,False
2023-12,90,Flatiron,Manhattan,False,52530,11.72,29.92,0.25509232819341326,0.5940795735770036,True
2023-12,91,Flatlands,Brooklyn,False,312,31.65,79.66,0.1794871794871795,0.32051282051282054,False
2023-12,92,Flushing,Queens,False,172,23.01,70.72,0.0755813953488372,0.6744186046511628,False
2023-12,93,Flushing Meadows-Corona Park,Queens,False,376,19.7,50.04,0.015957446808510637,0.8404255319148937,False
2023-12,94,Fordham South,Bronx,False,81,32.53,62.83,0.19753086419753085,0.38271604938271603,False
2023-12,95,Forest Hills,Queens,False,507,21.0,56.11,0.11045364891518737,0.5956607495069034,False
2023-12,96,Forest Park/Highland Park,Queens,False,3,24.47,30.96,0.0,0.6666666666666666,False
2023-12,97,Fort Greene,Brooklyn,False,1448,17.86,41.47,0.10566298342541436,0.5953038674033149,True
2023-12,98,Fresh Meadows,Queens,False,46,32.48,74.05,0.06521739130434782,0.45652173913043476,False
2023-12,100,Garment District,Manhattan,False,53614,14.48,31.27,0.3760771440295445,0.4782706009624352,True
2023-12,101,Glen Oaks,Queens,False,27,28.28,68.64,0.037037037037037035,0.5925925925925926,False
2023-12,102,Glendale,Queens,False,58,22.92,64.26,0.05172413793103448,0.5862068965517241,False
2023-12,105,Governor's Island/Ellis Island/Liberty Island,Manhattan,False,1,11.67,11.67,0.0,1.0,False
2023-12,106,Gowanus,Brooklyn,False,183,21.57,44.8,0.09289617486338798,0.5300546448087432,False
2023-12,107,Gramercy,Manhattan,False,72420,11.4,26.77,0.19910245788456227,0.646133664733499,True
2023-12,108,Gravesend,Brooklyn,False,82,41.18,88.0,0.06097560975609756,0.4634146341463415,False
2023-12,109,Great Kills,Staten Island,False,3,27.35,31.03,0.0,1.0,False
2023-12,110,Great Kills Park,Staten Island,False,1,62.38,62.38,0.0,0.0,False
2023-12,112,Greenpoint,Brooklyn,False,708,18.58,38.65,0.038135593220338986,0.6497175141242938,False
2023-12,113,Greenwich Village North,Manhattan,False,48861,11.77,29.98,0.22123984363807536,0.5908802521438365,True
2023-12,114,Greenwich Village South,Manhattan,False,46553,11.78,28.43,0.1468004210254978,0.611732863617812,True
2023-12,116,Hamilton Heights,Manhattan,False,2429,14.12,32.34,0.04075751337999177,0.8143268834911486,True
2023-12,117,Hammels/Arverne,Queens,False,177,56.82,98.4,0.1638418079096045,0.2824858757062147,False
2023-12,118,Heartland Village/Todt Hill,Staten Island,False,5,24.23,50.04,0.0,0.8,False
2023-12,119,Highbridge,Bronx,False,152,20.23,55.03,0.1513157894736842,0.5526315789473685,False
2023-12,120,Highbridge Park,Manhattan,False,13,14.48,50.76,0.15384615384615385,0.8461538461538461,False
2023-12,121,Hillcrest/Pomonok,Queens,False,143,25.98,57.23,0.11888111888111888,0.5594405594405595,False
2023-12,122,Hollis,Queens,False,79,27.65,66.42,0.12658227848101267,0.5569620253164557,False
2023-12,123,Homecrest,Brooklyn,False,121,32.03,82.67,0.14049586776859505,0.371900826446281,False
2023-12,124,Howard Beach,Queens,False,136,24.11,56.18,0.08088235294117647,0.7058823529411765,False
2023-12,125,Hudson Sq,Manhattan,False,15483,11.92,30.85,0.14377058709552412,0.6466447070981076,True
2023-12,126,Hunts Point,Bronx,False,103,27.57,60.91,0.13592233009708737,0.4368932038834951,False
2023-12,127,Inwood,Manhattan,False,230,21.88,67.94,0.09130434782608696,0.6652173913043479,False
2023-12,128,Inwood Hill Park,Manhattan,False,19,15.55,36.42,0.05263157894736842,0.7894736842105263,False
2023-12,129,Jackson Heights,Queens,False,783,14.02,39.44,0.10600255427841634,0.7369093231162197,False
2023-12,130,Jamaica,Queens,False,586,27.53,63.93,0.11774744027303755,0.6194539249146758,False
2023-12,131,Jamaica Estates,Queens,False,157,26.45,67.82,0.16560509554140126,0.5477707006369427,False
2023-12,132,JFK Airport,Queens,True,147892,41.82,75.27,0.007863846590755416,0.5846225624104076,True
2023-12,133,Kensington,Brooklyn,False,100,25.28,72.63,0.13,0.54,False
2023-12,134,Kew Gardens,Queens,False,346,14.57,39.93,0.07803468208092486,0.8121387283236994,False
2023-12,135,Kew Gardens Hills,Queens,False,99,22.77,61.3,0.16161616161616163,0.5858585858585859,False
2023-12,136,Kingsbridge Heights,Bronx,False,137,32.82,101.1,0.11678832116788321,0.3284671532846715,False
2023-12,137,Kips Bay,Manhattan,False,34031,11.2,26.2,0.2073697511092827,0.6821721371690518,True
2023-12,138,LaGuardia Airport,Queens,False,103439,30.97,54.4,0.004814431694041899,0.6849157474453542,True
2023-12,139,Laurelton,Queens,False,111,42.88,80.87,0.06306306306306306,0.46846846846846846,False
2023-12,140,Lenox Hill East,Manhattan,False,62428,11.6,25.49,0.17950278721086693,0.7244185301467291,True
2023-12,141,Lenox Hill West,Manhattan,False,78904,10.32,24.18,0.225958126330731,0.7027907330426848,True
2023-12,142,Lincoln Square East,Manhattan,False,117692,10.85,25.3,0.1556690344288482,0.7235496040512525,True
2023-12,143,Lincoln Square West,Manhattan,False,35396,10.18,24.12,0.09696010848683467,0.8023505480845293,True
2023-12,144,Little Italy/NoLiTa,Manhattan,False,33572,13.7,32.38,0.160252591445252,0.6029727153580364,True
2023-12,145,Long Island City/Hunters Point,Queens,False,1548,16.75,40.63,0.08656330749354005,0.7209302325581395,True
2023-12,146,Long Island City/Queens Plaza,Queens,False,1241,14.48,34.17,0.10556003223207092,0.7268331990330379,True
2023-12,147,Longwood,Bronx,False,90,29.99,73.38,0.17777777777777778,0.36666666666666664,False
2023-12,148,Lower East Side,Manhattan,False,35067,12.9,28.21,0.091824222203211,0.6496421136681211,True
2023-12,149,Madison,Brooklyn,False,66,34.66,85.23,0.15151515151515152,0.2878787878787879,False
2023-12,150,Manhattan Beach,Brooklyn,False,45,43.82,66.6,0.08888888888888889,0.4888888888888889,False
2023-12,151,Manhattan Valley,Manhattan,False,26761,10.27,24.55,0.044691902395276706,0.8553492021972273,True
2023-12,152,Manhattanville,Manhattan,False,1776,12.31,29.33,0.04504504504504504,0.8406531531531531,True
2023-12,153,Marble Hill,Manhattan,False,34,17.78,52.32,0.11764705882352941,0.7058823529411765,False
2023-12,154,Marine Park/Floyd Bennett Field,Brooklyn,False,43,13.42,35.35,0.0,0.8604651162790697,False
2023-12,155,Marine Park/Mill Basin,Brooklyn,False,171,27.03,74.8,0.23391812865497075,0.4327485380116959,False
2023-12,156,Mariners Harbor,Staten Island,False,1,32.52,32.52,0.0,1.0,False
2023-12,157,Maspeth,Queens,False,270,18.4,38.87,0.07777777777777778,0.8,False
2023-12,158,Meatpacking/West Village West,Manhattan,False,28886,13.63,30.08,0.1674859793671675,0.5955826351865956,True
2023-12,159,Melrose South,Bronx,False,240,22.23,55.32,0.275,0.49583333333333335,False
2023-12,160,Middle Village,Queens,False,110,22.67,49.41,0.05454545454545454,0.7,False
2023-12,161,Midtown Center,Manhattan,False,144381,14.53,29.6,0.3483630117536241,0.5116601214841288,True
2023-12,162,Midtown East,Manhattan,False,118702,13.95,28.42,0.34408855790129905,0.5471264174150393,True
2023-12,163,Midtown North,Manhattan,False,100851,13.57,30.72,0.32869282406718825,0.5396674301692596,True
2023-12,164,Midtown South,Manhattan,False,79812,13.53,29.95,0.317922116974891,0.5489149501328121,True
2023-12,165,Midwood,Brooklyn,False,185,36.0,76.7,0.22702702702702704,0.2864864864864865,False
2023-12,166,Morningside Heights,Manhattan,False,14360,11.83,28.4,0.030362116991643453,0.8165738161559889,True
2023-12,167,Morrisania/Melrose,Bronx,False,187,30.53,70.63,0.20855614973262032,0.32620320855614976,False
2023-12,168,Mott Haven/Port Morris,Bronx,False,416,20.83,52.19,0.14182692307692307,0.6177884615384616,False
2023-12,169,Mount Hope,Bronx,False,192,24.58,63.26,0.18229166666666666,0.5052083333333334,False
2023-12,170,Murray Hill,Manhattan,False,94469,13.37,28.95,0.3114460828419905,0.5781684997194847,True
2023-12,171,Murray Hill-Queens,Queens,False,47,27.9,71.15,0.14893617021276595,0.48936170212765956,False
2023-12,172,New Dorp/Midland Beach,Staten Island,False,3,32.53,42.84,0.0,0.6666666666666666,False
2023-12,173,North Corona,Queens,False,78,17.92,42.36,0.15384615384615385,0.6025641025641025,False
2023-12,174,Norwood,Bronx,False,123,27.98,75.79,0.17073170731707318,0.5284552845528455,False
2023-12,175,Oakland Gardens,Queens,False,56,30.79,87.98,0.125,0.5,False
2023-12,176,Oakwood,Staten Island,False,2,36.71,55.4,0.0,1.0,False
2023-12,177,Ocean Hill,Brooklyn,False,299,29.95,71.03,0.2408026755852843,0.35785953177257523,False
2023-12,178,Ocean Parkway South,Brooklyn,False,43,37.25,84.84,0.18604651162790697,0.3488372093023256,False
2023-12,179,Old Astoria,Queens,False,505,14.5,37.55,0.09702970297029703,0.7306930693069307,False
2023-12,180,Ozone Park,Queens,False,83,25.22,73.53,0.13253012048192772,0.5783132530120482,False
2023-12,181,Park Slope,Brooklyn,False,1269,20.13,44.62,0.07328605200945626,0.5500394011032309,True
2023-12,182,Parkchester,Bronx,False,186,36.25,74.6,0.1935483870967742,0.3118279569892473,False
2023-12,183,Pelham Bay,Bronx,False,37,36.92,65.24,0.16216216216216217,0.5675675675675675,False
2023-12,184,Pelham Bay Park,Bronx,False,6,10.8,18.03,0.0,1.0,False
2023-12,185,Pelham Parkway,Bronx,False,95,31.83,80.07,0.22105263157894736,0.42105263157894735,False
2023-12,186,Penn Station/Madison Sq West,Manhattan,False,110988,16.38,33.45,0.3840865679172523,0.44440840451219954,True
2023-12,188,Prospect-Lefferts Gardens,Brooklyn,False,552,32.21,72.14,0.2210144927536232,0.3351449275362319,False
2023-12,189,Prospect Heights,Brooklyn,False,412,22.67,49.15,0.09951456310679611,0.5776699029126213,False
2023-12,190,Prospect Park,Brooklyn,False,70,16.27,43.25,0.04285714285714286,0.5142857142857142,False
2023-12,191,Queens Village,Queens,False,257,37.95,77.59,0.10505836575875487,0.5058365758754864,False
2023-12,192,Queensboro Hill,Queens,False,51,17.95,69.08,0.0392156862745098,0.7058823529411765,False
2023-12,193,Queensbridge/Ravenswood,Queens,False,547,17.27,48.68,0.12248628884826325,0.680073126142596,False
2023-12,194,Randalls Island,Manhattan,False,90,21.42,46.63,0.044444444444444446,0.7666666666666667,False
2023-12,195,Red Hook,Brooklyn,False,482,30.84,49.36,0.043568464730290454,0.7240663900414938,False
2023-12,196,Rego Park,Queens,False,203,23.08,51.89,0.08866995073891626,0.6206896551724138,False
2023-12,197,Richmond Hill,Queens,False,451,15.38,57.27,0.07317073170731707,0.7095343680709535,False
2023-12,198,Ridgewood,Queens,False,155,27.1,51.32,0.11612903225806452,0.43870967741935485,False
2023-12,200,Riverdale/North Riverdale/Fieldston,Bronx,False,91,28.42,65.22,0.0989010989010989,0.6813186813186813,False
2023-12,201,Rockaway Park,Queens,False,51,43.3,95.72,0.0392156862745098,0.5294117647058824,False
2023-12,202,Roosevelt Island,Manhattan,False,166,23.35,57.75,0.12650602409638553,0.5963855421686747,False
2023-12,203,Rosedale,Queens,False,136,33.26,88.28,0.08823529411764706,0.5147058823529411,False
2023-12,204,Rossville/Woodrow,Staten Island,False,1,23.07,23.07,0.0,1.0,False
2023-12,205,Saint Albans,Queens,False,229,43.05,83.84,0.15283842794759825,0.3537117903930131,False
2023-12,206,Saint George/New Brighton,Staten Island,False,2,0.96,1.25,0.0,1.0,False
2023-12,207,Saint Michaels Cemetery/Woodside,Queens,False,28,26.62,57.04,0.03571428571428571,0.5714285714285714,False
2023-12,208,Schuylerville/Edgewater Park,Bronx,False,101,29.92,58.77,0.09900990099009901,0.48514851485148514,False
2023-12,209,Seaport,Manhattan,False,6770,15.84,34.47,0.10324963072378139,0.6836041358936484,True
2023-12,210,Sheepshead Bay,Brooklyn,False,136,43.86,94.1,0.09558823529411764,0.35294117647058826,False
2023-12,211,SoHo,Manhattan,False,26827,13.32,32.77,0.1792597010474522,0.5985015096730906,True
2023-12,212,Soundview/Bruckner,Bronx,False,91,23.03,68.95,0.1978021978021978,0.4945054945054945,False
2023-12,213,Soundview/Castle Hill,Bronx,False,272,27.53,57.09,0.1213235294117647,0.5514705882352942,False
2023-12,214,South Beach/Dongan Hills,Staten Island,False,2,27.63,49.09,0.0,1.0,False
2023-12,215,South Jamaica,Queens,False,534,34.72,71.58,0.10674157303370786,0.5880149812734082,False
2023-12,216,South Ozone Park,Queens,False,784,6.76,54.15,0.04336734693877551,0.8086734693877551,False
2023-12,217,South Williamsburg,Brooklyn,False,135,21.23,46.12,0.1925925925925926,0.48148148148148145,False
2023-12,218,Springfield Gardens North,Queens,False,270,37.52,76.96,0.15185185185185185,0.3814814814814815,False
2023-12,219,Springfield Gardens South,Queens,False,428,38.87,78.02,0.0514018691588785,0.5654205607476636,False
2023-12,220,Spuyten Duyvil/Kingsbridge,Bronx,False,135,27.45,68.87,0.17777777777777778,0.5333333333333333,False
2023-12,221,Stapleton,Staten Island,False,5,15.52,18.18,0.0,1.0,False
2023-12,222,Starrett City,Brooklyn,False,190,40.36,86.96,0.15789473684210525,0.28421052631578947,False
2023-12,223,Steinway,Queens,False,639,13.78,39.83,0.07511737089201878,0.8137715179968701,False
2023-12,224,Stuy Town/Peter Cooper Village,Manhattan,False,4174,12.14,27.47,0.13296597987541925,0.7093914710110206,True
2023-12,225,Stuyvesant Heights,Brooklyn,False,469,29.97,59.58,0.20042643923240938,0.3411513859275053,False
2023-12,226,Sunnyside,Queens,False,2153,16.63,41.13,0.06781235485369252,0.7292150487691593,True
2023-12,227,Sunset Park East,Brooklyn,False,91,36.95,75.55,0.14285714285714285,0.4175824175824176,False
2023-12,228,Sunset Park West,Brooklyn,False,176,28.0,72.31,0.09090909090909091,0.5170454545454546,False
2023-12,229,Sutton Place/Turtle Bay North,Manhattan,False,62263,12.32,26.02,0.3112924208599007,0.6010471708719464,True
2023-12,230,Times Sq/Theatre District,Manhattan,False,110249,15.08,35.72,0.307685330479188,0.5148436720514472,True
2023-12,231,TriBeCa/Civic Center,Manhattan,False,42596,13.92,33.09,0.13306413747769744,0.6544745985538548,True
2023-12,232,Two Bridges/Seward Park,Manhattan,False,4924,15.55,32.45,0.07839155158407798,0.6640942323314378,True
2023-12,233,UN/Turtle Bay South,Manhattan,False,39940,13.38,28.92,0.29098647971957936,0.6149724586880321,True
2023-12,234,Union Sq,Manhattan,False,89758,12.3,29.23,0.27892778359589115,0.5684061587825041,True
2023-12,235,University Heights/Morris Heights,Bronx,False,230,30.43,68.78,0.1782608695652174,0.4608695652173913,False
2023-12,236,Upper East Side North,Manhattan,False,147666,9.63,24.53,0.16479758373626968,0.7580214809096204,True
2023-12,237,Upper East Side South,Manhattan,False,163076,10.25,24.87,0.29771394932424144,0.6403210772891167,True
2023-12,238,Upper West Side North,Manhattan,False,66521,9.78,24.1,0.05590715713834729,0.8444852001623547,True
2023-12,239,Upper West Side South,Manhattan,False,97313,10.07,25.05,0.08375037250932559,0.803017068634201,True
2023-12,240,Van Cortlandt Park,Bronx,False,14,24.06,54.51,0.14285714285714285,0.5714285714285714,False
2023-12,241,Van Cortlandt Village,Bronx,False,152,27.76,66.15,0.20394736842105263,0.4934210526315789,False
2023-12,242,Van Nest/Morris Park,Bronx,False,165,28.43,63.86,0.15757575757575756,0.47878787878787876,False
2023-12,243,Washington Heights North,Manhattan,False,532,18.18,45.43,0.08458646616541353,0.7424812030075187,False
2023-12,244,Washington Heights South,Manhattan,False,2025,16.28,37.28,0.05333333333333334,0.7841975308641975,True
2023-12,245,West Brighton,Staten Island,False,4,33.63,38.79,0.0,1.0,False
2023-12,246,West Chelsea/Hudson Yards,Manhattan,False,56736,15.38,29.7,0.30719472645234064,0.5219084884376762,True
2023-12,247,West Concourse,Bronx,False,278,19.4,56.11,0.09712230215827339,0.6187050359712231,False
2023-12,248,West Farms/Bronx River,Bronx,False,127,25.73,76.21,0.13385826771653545,0.48031496062992124,False
2023-12,249,West Village,Manhattan,False,74968,12.05,28.57,0.18239782307117702,0.5941468359833529,True
2023-12,250,Westchester Village/Unionport,Bronx,False,108,26.93,62.93,0.1574074074074074,0.49074074074074076,False
2023-12,251,Westerleigh,Staten Island,False,1,27.0,27.0,0.0,1.0,False
2023-12,252,Whitestone,Queens,False,45,22.43,61.81,0.06666666666666667,0.6888888888888889,False
2023-12,253,Willets Point,Queens,False,4,9.34,11.88,0.0,1.0,False
2023-12,254,Williamsbridge/Olinville,Bronx,False,189,38.77,85.1,0.14814814814814814,0.36507936507936506,False
2023-12,255,Williamsburg (North Side),Brooklyn,False,1166,18.2,34.08,0.04888507718696398,0.6149228130360206,True
2023-12,256,Williamsburg (South Side),Brooklyn,False,991,18.03,38.18,0.05348133198789102,0.6296670030272452,False
2023-12,257,Windsor Terrace,Brooklyn,False,70,24.56,55.08,0.08571428571428572,0.5857142857142857,False
2023-12,258,Woodhaven,Queens,False,139,27.08,71.2,0.11510791366906475,0.43884892086330934,False
2023-12,259,Woodlawn/Wakefield,Bronx,False,111,37.57,75.82,0.07207207207207207,0.5675675675675675,False
2023-12,260,Woodside,Queens,False,678,15.31,42.53,0.06932153392330384,0.7271386430678466,False
2023-12,261,World Trade Center,Manhattan,False,18704,19.32,39.82,0.12783361847733105,0.6094952951240377,True
2023-12,262,Yorkville East,Manhattan,False,44705,10.35,22.97,0.08365954591209036,0.8270886925399843,True
2023-12,263,Yorkville West,Manhattan,False,64078,9.13,23.47,0.09571147663784763,0.8268984674927432,True
2023-12,264,,Unknown,False,12509,13.0,34.38,0.19585898153329603,0.6484930849788153,True
2023-12,265,Outside of NYC,,False,1017,14.57,60.32,0.09144542772861357,0.6774827925270404,True
